"Вид"                                            , "Образец"   , "Проба", "cis-3-hexenal", "2-Hexenal, (E)-", "alpha-thujene", "alpha-Pinene", "alpha-fenchene", "Camphene", "н/и RI 965.22", "1-Octen-3-ol", "Sabinene", "beta-Myrcene+beta-Pinene", "3-Carene", "Limonene", "beta-Phellandrene", "gamma-Terpinene", "Terpinolene", "Fenchone", "alpha-Thujone", "beta-Thujone", "Camphor", "Fenchyl acetate", "Sabinene hydrate acetate", "Neothujyl acetate", "trans-Sabinyl acetate", "Bornyl acetate", "Safrole", "Methyl myrtenate", "Pregeijerene B", "delta-Elemene", "alpha-Terpinyl acetate", "Geranyl acetate", "alpha-Copaene", "beta-Elemene", "gamma-Elemene", "Caryophyllene", "(E)-beta-Farnesene", "н/и RI 1462.79", "н/и RI 1463.44", "cis-Thujopsene", "Humulene", "н/и RI 1518.78", "н/и RI 1525.21", "н/и RI 1537.9", "н/и RI 1540.22", "н/и RI 1542.49", "10-epi-Cubebol", "н/и RI 1563.20", "н/и RI 1564.91", "Elemol", "н/и RI 1569.20", "н/и RI 1570.88", "н/и RI 1576.14", "н/и RI 1588.35", "н/и RI 1607.76", "н/и RI 1621.97", "н/и RI 1628.9 (сесквитерпеновый спирт, ряд туйопсанола)", "Thujopsan-2-alpha-ol", "н/и RI 1656.71", "н/и RI 1671.6 (вероятно, производное ионола)", "н/и RI 1676.22", "н/и RI 1698.51", "н/и RI 1709.61", "н/и RI 1710.29", "н/и RI 1732.30", "н/и RI 1737.42"
"Chamaecyparis lawsoniana 'Ellwoodii'"           , "247596"    , "10"   , "0.37"         , "0.03"           , "0.07"         , "0.88"        , "0.21"          , "0.03"    , ""             , "0.02"        , "0.91"    , "2.28"                    , "4.03"    , "62.93"   , "0.15"             , "0.09"           , "0.7"        , "0.05"    , ""             , ""            , "0.06"   , "0.04"           , "1.07"                    , ""                 , ""                     , "0.33"          , ""       , "0.5"             , ""              , ""             , "1.74"                  , "0.88"           , ""             , "0.19"        , "0.03"         , "0.52"         , ""                  , "0.21"          , ""              , "0.35"          , "0.38"    , ""              , ""              , "0.35"         , ""              , ""              , "6.1"           , ""              , "0.37"          , ""      , ""              , "0.18"          , "5.75"          , "0.65"          , "2.69"          , ""              , "0.21"                                                   , "1.57"                , "0.67"          , "0.1"                                         , "0.43"          , "0.2"           , ""              , ""              , ""              , ""
"Chamaecyparis lawsoniana 'Ellwoodii'"           , "247596"    , "11"   , "0.29"         , "0.03"           , "0.07"         , "0.76"        , "0.17"          , "0.02"    , ""             , "0.02"        , "0.85"    , "2.09"                    , "3.67"    , "63.65"   , "0.14"             , "0.09"           , "0.71"       , "0.04"    , ""             , ""            , "0.06"   , "0.04"           , "1.07"                    , ""                 , ""                     , "0.34"          , ""       , "0.5"             , ""              , ""             , "1.71"                  , "1.02"           , ""             , "0.17"        , "0.03"         , "0.56"         , ""                  , "0.2"           , ""              , "0.35"          , "0.38"    , ""              , ""              , "0.34"         , ""              , ""              , "6.13"          , ""              , "0.35"          , ""      , ""              , "0.18"          , "5.82"          , "0.62"          , "2.76"          , ""              , "0.22"                                                   , "1.58"                , "0.68"          , ""                                            , "0.33"          , "0.22"          , ""              , ""              , ""              , ""
"Chamaecyparis lawsoniana 'Ellwoodii'"           , "247596"    , "12"   , "0.25"         , ""               , "0.07"         , "0.79"        , "0.18"          , "0.03"    , ""             , "0.02"        , "0.88"    , "2.25"                    , "3.88"    , "61"      , "0.16"             , "0.09"           , "0.58"       , "0.05"    , ""             , ""            , "0.07"   , "0.05"           , "1.16"                    , ""                 , ""                     , "0.37"          , ""       , "0.54"            , ""              , ""             , "1.85"                  , "1.01"           , ""             , "0.21"        , "0.03"         , "0.56"         , ""                  , "0.23"          , ""              , "0.39"          , "0.44"    , ""              , ""              , "0.33"         , ""              , ""              , "6.81"          , ""              , "0.39"          , ""      , ""              , "0.19"          , "6.6"           , "0.63"          , "2.85"          , ""              , "0.22"                                                   , "1.6"                 , "0.73"          , "0.16"                                        , "0.36"          , "0.23"          , ""              , ""              , ""              , ""
"Chamaecyparis lawsoniana ?"                     , "LoveSun1"  , "65"   , "0.33"         , "0.03"           , "0.03"         , "0.51"        , "0.07"          , "0.01"    , ""             , ""            , "0.31"    , "1.17"                    , "1.3"     , "78.65"   , "0.06"             , "0.02"           , "0.38"       , "0.04"    , ""             , ""            , "0.04"   , "0.01"           , "0.6"                     , ""                 , ""                     , "0.08"          , ""       , "0.61"            , ""              , ""             , "0.94"                  , "0.45"           , ""             , "0.17"        , ""             , "0.3"          , ""                  , "0.14"          , ""              , "0.46"          , "0.17"    , ""              , ""              , "0.23"         , ""              , ""              , "3.8"           , ""              , "0.2"           , ""      , ""              , "0.12"          , "3.61"          , "0.21"          , "1.81"          , ""              , "0.18"                                                   , "0.97"                , "0.63"          , ""                                            , "0.2"           , "0.12"          , ""              , ""              , ""              , ""
"Chamaecyparis pisifera"                         , "10833_1"   , "64"   , "0.14"         , "0.04"           , "0.49"         , "64.08"       , ""              , "0.46"    , ""             , "0.08"        , "0.05"    , "19.58"                   , "0.41"    , "2.55"    , "0.02"             , "0.05"           , "0.35"       , ""        , ""             , ""            , ""       , ""               , "0.17"                    , ""                 , ""                     , "7.66"          , ""       , ""                , ""              , ""             , "0.56"                  , "0.04"           , ""             , ""            , ""             , "0.77"         , ""                  , "0.09"          , ""              , "0.03"          , ""        , "0.03"          , "0.07"          , ""             , "0.09"          , ""              , "0.07"          , "0.09"          , ""              , ""      , ""              , ""              , ""              , ""              , "0.04"          , ""              , "0.05"                                                   , ""                    , "0.35"          , ""                                            , ""              , "0.07"          , ""              , ""              , ""              , ""
"Chamaecyparis pisifera"                         , "10833_2"   , "63"   , "0.28"         , "0.04"           , "0.44"         , "34.64"       , "0.68"          , "0.4"     , ""             , "0.07"        , "0.1"     , "3.55"                    , "42.35"   , "1.23"    , "0.16"             , "0.07"           , "1.61"       , ""        , ""             , ""            , ""       , ""               , "0.08"                    , ""                 , ""                     , "8.28"          , ""       , ""                , ""              , ""             , "0.96"                  , "0.03"           , ""             , ""            , ""             , "0.88"         , ""                  , "0.03"          , ""              , "0.01"          , ""        , "0.31"          , "0.5"           , ""             , "0.17"          , ""              , "0.09"          , "0.2"           , ""              , ""      , ""              , ""              , ""              , ""              , "0.05"          , "0.03"          , "0.08"                                                   , ""                    , "0.15"          , ""                                            , ""              , "0.17"          , ""              , ""              , ""              , ""
"Chamaecyparis pisifera"                         , "49612_D"   , "62"   , "0.64"         , "0.06"           , "0.51"         , "70.88"       , ""              , "0.47"    , ""             , "0.09"        , "0.07"    , "11.91"                   , "0.24"    , "2"       , "0.02"             , "0.06"           , "0.38"       , ""        , ""             , ""            , "0.03"   , ""               , "0.13"                    , ""                 , ""                     , "9.02"          , ""       , ""                , ""              , ""             , "0.55"                  , "0.02"           , ""             , ""            , ""             , "0.55"         , ""                  , "0.09"          , ""              , ""              , ""        , ""              , "0.2"           , ""             , "0.08"          , ""              , "0.08"          , "0.1"           , ""              , ""      , ""              , ""              , ""              , ""              , ""              , ""              , "0.04"                                                   , ""                    , "0.29"          , ""                                            , ""              , "0.06"          , ""              , ""              , ""              , ""
"Chamaecyparis pisifera"                         , "49612_L"   , "61"   , "0.34"         , "0.04"           , "0.46"         , "76.86"       , ""              , "0.43"    , ""             , "0.03"        , "0.09"    , "8.09"                    , "0.05"    , "1.55"    , "0.02"             , "0.03"           , "0.32"       , ""        , ""             , ""            , "0.01"   , ""               , "0.14"                    , ""                 , ""                     , "6.96"          , ""       , ""                , ""              , ""             , "0.48"                  , "0.08"           , ""             , "0.03"        , "0.21"         , "0.51"         , ""                  , ""              , ""              , ""              , ""        , "0.25"          , "0.67"          , ""             , "0.13"          , ""              , "0.11"          , "0.24"          , ""              , ""      , ""              , ""              , ""              , ""              , "0.03"          , ""              , "0.06"                                                   , ""                    , "0.06"          , ""                                            , ""              , "0.13"          , ""              , ""              , ""              , ""
"Cupressus nootkatensis"                         , "202515"    , "13"   , "0.64"         , ""               , "0.11"         , "45.12"       , "0.71"          , "0.17"    , ""             , "0.1"         , "0.32"    , "4.2"                     , "33.79"   , "7.55"    , "0.62"             , "0.05"           , "0.89"       , ""        , ""             , ""            , ""       , "0.03"           , "0.12"                    , ""                 , ""                     , "0.15"          , ""       , ""                , ""              , ""             , "0.23"                  , ""               , "0.18"         , ""            , ""             , ""             , ""                  , ""              , ""              , ""              , ""        , "0.16"          , ""              , "0.2"          , ""              , ""              , "0.07"          , "0.07"          , ""              , ""      , ""              , ""              , "0.16"          , ""              , "1.7"           , ""              , ""                                                       , ""                    , ""              , "0.38"                                        , ""              , "0.14"          , ""              , ""              , ""              , ""
"Cupressus nootkatensis"                         , "202515"    , "14"   , "0.67"         , ""               , "0.13"         , "45.47"       , "0.73"          , "0.21"    , ""             , "0.11"        , "0.31"    , "4.29"                    , "33.56"   , "7.31"    , "0.62"             , "0.05"           , "0.62"       , ""        , ""             , ""            , ""       , ""               , "0.13"                    , ""                 , ""                     , "0.12"          , ""       , ""                , ""              , ""             , "0.23"                  , ""               , "0.19"         , ""            , ""             , ""             , ""                  , ""              , ""              , ""              , ""        , "0.16"          , ""              , "0.15"         , ""              , ""              , "0.07"          , ""              , ""              , ""      , ""              , ""              , "0.15"          , "0.06"          , "1.85"          , ""              , ""                                                       , ""                    , ""              , "0.58"                                        , ""              , "0.11"          , ""              , ""              , ""              , ""
"Cupressus nootkatensis"                         , "202515"    , "15"   , "0.52"         , ""               , "0.12"         , "45.12"       , "0.71"          , "0.19"    , ""             , "0.1"         , "0.32"    , "4.17"                    , "34.12"   , "7.37"    , "0.6"              , "0.05"           , "0.58"       , ""        , ""             , ""            , ""       , ""               , "0.11"                    , ""                 , ""                     , "0.16"          , ""       , ""                , ""              , ""             , "0.24"                  , ""               , "0.19"         , ""            , ""             , ""             , ""                  , ""              , ""              , ""              , ""        , "0.18"          , ""              , "0.19"         , ""              , ""              , "0.08"          , "0.06"          , ""              , ""      , ""              , ""              , "0.17"          , "0.07"          , "1.67"          , ""              , ""                                                       , ""                    , ""              , "0.54"                                        , ""              , "0.13"          , ""              , ""              , ""              , ""
"Juniperus chinensis var. sargentii"             , "423705"    , "27"   , "1.45"         , "0.16"           , "0.72"         , "2.86"        , ""              , "0.04"    , ""             , "0.16"        , "33.25"   , "2.59"                    , ""        , "1.49"    , ""                 , "0.05"           , "0.32"       , ""        , "0.11"         , "1.92"        , ""       , ""               , "0.89"                    , ""                 , "14.47"                , ""              , "0.13"   , ""                , ""              , "0.43"         , ""                      , ""               , "0.35"         , "0.48"        , "1.01"         , "2.27"         , ""                  , ""              , ""              , ""              , "0.33"    , "0.38"          , ""              , "0.33"         , ""              , ""              , ""              , ""              , ""              , "0.74"  , ""              , ""              , ""              , ""              , "31.55"         , ""              , ""                                                       , ""                    , ""              , "0.17"                                        , ""              , ""              , ""              , ""              , ""              , ""
"Juniperus chinensis var. sargentii"             , "423705"    , "28"   , "1.25"         , "0.15"           , "0.73"         , "3.06"        , ""              , "0.04"    , ""             , "0.16"        , "36.96"   , "2.67"                    , ""        , "1.58"    , ""                 , "0.07"           , "0.16"       , ""        , "0.11"         , "1.76"        , ""       , ""               , "0.94"                    , ""                 , "13.58"                , "0.06"          , "0.12"   , ""                , ""              , "0.34"         , ""                      , ""               , "0.36"         , "0.5"         , "0.63"         , "2.39"         , ""                  , ""              , ""              , ""              , "0.34"    , "0.41"          , ""              , "0.33"         , ""              , ""              , ""              , ""              , ""              , "0.68"  , ""              , ""              , ""              , ""              , "28.81"         , ""              , ""                                                       , ""                    , ""              , "0.47"                                        , ""              , ""              , ""              , ""              , ""              , ""
"Juniperus communis"                             , "45990-1"   , "58"   , "2.18"         , "0.2"            , "1.58"         , "34.33"       , "0.11"          , "0.11"    , ""             , ""            , "38.85"   , "3.75"                    , "2.48"    , "1.57"    , "0.48"             , "0.3"            , "1.28"       , ""        , ""             , ""            , ""       , ""               , ""                        , ""                 , ""                     , "0.16"          , ""       , ""                , ""              , "0.19"         , ""                      , ""               , ""             , "2.38"        , "0.85"         , "0.91"         , ""                  , ""              , ""              , ""              , "0.86"    , "0.49"          , "0.17"          , "0.77"         , ""              , ""              , ""              , ""              , ""              , "0.11"  , ""              , ""              , ""              , ""              , "3.24"          , ""              , ""                                                       , ""                    , ""              , ""                                            , ""              , "0.21"          , ""              , "0.14"          , ""              , ""
"Juniperus communis"                             , "45990-2"   , "59"   , "1.96"         , "0.13"           , "1.86"         , "16.7"        , ""              , "0.09"    , ""             , ""            , "54.69"   , "3.55"                    , ""        , "1.78"    , "0.23"             , "0.34"           , "1.17"       , ""        , ""             , ""            , ""       , ""               , "0.16"                    , ""                 , ""                     , "0.07"          , ""       , ""                , ""              , "0.21"         , "0.16"                  , ""               , ""             , "1.85"        , "0.22"         , "5.67"         , ""                  , ""              , ""              , ""              , "3.58"    , "0.5"           , "0.2"           , "1.43"         , ""              , ""              , ""              , ""              , ""              , "0.14"  , ""              , ""              , ""              , ""              , "0.45"          , ""              , ""                                                       , ""                    , ""              , ""                                            , ""              , ""              , ""              , ""              , ""              , ""
"Juniperus communis"                             , "45990-3"   , "60"   , "1.64"         , "0.21"           , "0.12"         , "64.08"       , "0.42"          , "0.11"    , ""             , ""            , "0.26"    , "2.56"                    , "14.4"    , "0.51"    , "0.27"             , ""               , "1.17"       , ""        , ""             , ""            , ""       , ""               , ""                        , ""                 , ""                     , "0.17"          , ""       , ""                , ""              , "0.28"         , "0.42"                  , ""               , ""             , "2.66"        , "3.03"         , "0.56"         , ""                  , ""              , ""              , ""              , "0.68"    , ""              , "0.29"          , "0.12"         , ""              , ""              , ""              , ""              , ""              , "0.3"   , ""              , ""              , ""              , ""              , "3.66"          , ""              , ""                                                       , ""                    , ""              , ""                                            , ""              , ""              , ""              , "0.2"           , ""              , ""
"Juniperus communis (J. suecica)"                , "249972"    , "39"   , "1.58"         , "0.37"           , "0.16"         , "84.47"       , ""              , "0.23"    , ""             , ""            , "0.27"    , "3.43"                    , "1.6"     , "0.52"    , "0.9"              , ""               , "0.34"       , ""        , ""             , ""            , ""       , ""               , ""                        , ""                 , ""                     , "0.38"          , ""       , ""                , ""              , "0.09"         , ""                      , ""               , "0.65"         , "0.81"        , "0.18"         , "0.33"         , ""                  , ""              , ""              , ""              , "0.36"    , "0.18"          , "0.11"          , "0.59"         , ""              , ""              , ""              , ""              , ""              , ""      , ""              , ""              , ""              , ""              , "1.31"          , ""              , ""                                                       , ""                    , ""              , ""                                            , ""              , "0.54"          , ""              , ""              , ""              , ""
"Juniperus communis (J. suecica)"                , "249972"    , "40"   , "1.39"         , "0.23"           , "0.16"         , "84.44"       , "0.08"          , "0.21"    , ""             , "0.04"        , "0.26"    , "3.39"                    , "1.74"    , "0.52"    , "0.84"             , ""               , "0.31"       , ""        , ""             , ""            , ""       , ""               , ""                        , ""                 , ""                     , "0.36"          , ""       , ""                , ""              , "0.09"         , ""                      , ""               , "0.68"         , "0.8"         , "0.15"         , "0.33"         , ""                  , ""              , ""              , ""              , "0.33"    , "0.2"           , "0.1"           , "0.61"         , ""              , ""              , ""              , ""              , ""              , ""      , ""              , ""              , ""              , ""              , "1.25"          , ""              , ""                                                       , ""                    , ""              , ""                                            , ""              , "0.55"          , ""              , "0.15"          , ""              , ""
"Juniperus communis var. saxatilis (J. sibirica)", "28043"     , "37"   , "0.09"         , ""               , "0.05"         , "48.04"       , ""              , "0.16"    , ""             , ""            , "0.04"    , "3.32"                    , "0.16"    , "0.33"    , "0.38"             , ""               , "0.06"       , ""        , ""             , ""            , ""       , ""               , ""                        , ""                 , ""                     , "0.17"          , ""       , ""                , ""              , "0.5"          , ""                      , ""               , ""             , "0.54"        , "1.71"         , "0.55"         , ""                  , ""              , ""              , ""              , "0.09"    , ""              , ""              , ""             , ""              , ""              , ""              , "0.33"          , ""              , "0.95"  , ""              , ""              , ""              , ""              , "41.52"         , ""              , ""                                                       , ""                    , ""              , ""                                            , ""              , ""              , ""              , ""              , ""              , ""
"Juniperus communis var. saxatilis (J. sibirica)", "28043"     , "38"   , "0.12"         , ""               , "0.06"         , "48.83"       , ""              , "0.15"    , ""             , ""            , "0.03"    , "3.32"                    , "0.15"    , "0.34"    , "0.38"             , ""               , "0.07"       , ""        , ""             , ""            , ""       , ""               , ""                        , ""                 , ""                     , "0.16"          , ""       , ""                , ""              , "0.52"         , ""                      , ""               , ""             , "0.54"        , "1.77"         , "0.56"         , ""                  , ""              , ""              , ""              , "0.1"     , ""              , ""              , ""             , ""              , ""              , ""              , "0.33"          , ""              , "0.97"  , ""              , ""              , ""              , ""              , "40.59"         , ""              , ""                                                       , ""                    , ""              , ""                                            , ""              , ""              , ""              , ""              , ""              , ""
"Juniperus davurica"                             , "20140023"  , "19"   , "0.42"         , "0.04"           , "0.17"         , "18.22"       , ""              , "0.1"     , "0.68"         , "0.09"        , "5.72"    , "3.31"                    , "0.02"    , "44.59"   , "0.31"             , "0.05"           , "0.51"       , ""        , ""             , ""            , ""       , "0.03"           , "0.4"                     , ""                 , ""                     , "0.11"          , ""       , ""                , "0.21"          , "0.13"         , "0.87"                  , ""               , ""             , "0.18"        , "0.55"         , "0.31"         , ""                  , ""              , ""              , ""              , "0.07"    , ""              , ""              , "0.07"         , ""              , "0.15"          , ""              , "0.06"          , ""              , "7"     , ""              , ""              , ""              , ""              , "13.74"         , ""              , ""                                                       , "0.07"                , ""              , ""                                            , ""              , ""              , ""              , ""              , ""              , "0.21"
"Juniperus davurica"                             , "20140023"  , "20"   , "0.46"         , "0.06"           , "0.15"         , "18.1"        , ""              , "0.1"     , "0.7"          , "0.09"        , "5.27"    , "3.23"                    , ""        , "46.39"   , "0.31"             , "0.03"           , "0.51"       , ""        , ""             , ""            , ""       , "0.03"           , "0.38"                    , ""                 , ""                     , "0.1"           , ""       , ""                , "0.17"          , "0.13"         , "0.81"                  , ""               , ""             , "0.19"        , "0.59"         , "0.29"         , ""                  , ""              , ""              , ""              , "0.07"    , ""              , ""              , "0.07"         , ""              , "0.11"          , ""              , "0.06"          , ""              , "6.34"  , ""              , ""              , ""              , ""              , "13.5"          , ""              , ""                                                       , ""                    , ""              , ""                                            , ""              , ""              , ""              , ""              , ""              , "0.16"
"Juniperus davurica"                             , "20140023"  , "21"   , "0.41"         , "0.1"            , "0.13"         , "17.27"       , "0.02"          , "0.08"    , "0.53"         , "0.11"        , "5.15"    , "2.95"                    , "0.02"    , "45.43"   , "0.27"             , "0.03"           , "0.49"       , ""        , ""             , ""            , ""       , "0.02"           , "0.38"                    , ""                 , ""                     , "0.09"          , ""       , ""                , "0.2"           , "0.15"         , "0.82"                  , ""               , ""             , "0.18"        , "0.61"         , "0.28"         , ""                  , ""              , ""              , "0.03"          , "0.08"    , ""              , ""              , "0.06"         , ""              , "0.18"          , ""              , "0.07"          , ""              , "7.25"  , ""              , ""              , ""              , ""              , "14.53"         , ""              , ""                                                       , ""                    , ""              , ""                                            , ""              , ""              , ""              , ""              , ""              , "0.2"
"Juniperus pseudosabina"                         , "342963/79" , "31"   , "0.27"         , "0.04"           , "0.91"         , "1.96"        , "0.06"          , ""        , ""             , ""            , "59.49"   , "2.82"                    , "1"       , "1.2"     , ""                 , "0.07"           , "0.5"        , ""        , ""             , ""            , ""       , ""               , "1.07"                    , ""                 , "2.68"                 , ""              , ""       , ""                , ""              , "0.05"         , ""                      , ""               , ""             , "0.11"        , "0.17"         , "0.25"         , ""                  , ""              , ""              , ""              , "0.14"    , ""              , ""              , "0.1"          , ""              , ""              , ""              , ""              , ""              , "0.12"  , ""              , ""              , ""              , ""              , "26.42"         , ""              , ""                                                       , ""                    , ""              , ""                                            , ""              , ""              , ""              , ""              , ""              , ""
"Juniperus pseudosabina"                         , "342963/79" , "32"   , "0.18"         , ""               , "0.89"         , "1.91"        , "0.06"          , ""        , ""             , ""            , "59.12"   , "2.84"                    , "1.03"    , "1.11"    , ""                 , "0.07"           , "0.55"       , ""        , ""             , "0.05"        , ""       , ""               , "1.06"                    , ""                 , "3.21"                 , ""              , ""       , ""                , ""              , "0.05"         , ""                      , ""               , ""             , "0.1"         , "0.17"         , "0.24"         , ""                  , ""              , ""              , ""              , "0.14"    , ""              , ""              , "0.11"         , ""              , ""              , ""              , ""              , ""              , "0.08"  , ""              , ""              , ""              , ""              , "26.49"         , ""              , ""                                                       , ""                    , ""              , ""                                            , ""              , ""              , ""              , ""              , ""              , ""
"Juniperus pseudosabina (J.turkestanica)"        , "236061"    , "33"   , "0.17"         , "0.03"           , "0.04"         , "46.63"       , ""              , "0.14"    , ""             , ""            , "0.03"    , "3.24"                    , "0.07"    , "0.32"    , "0.37"             , ""               , "0.06"       , ""        , ""             , ""            , ""       , ""               , ""                        , ""                 , ""                     , "0.15"          , ""       , ""                , ""              , "0.43"         , ""                      , ""               , ""             , "0.52"        , "1.65"         , "0.54"         , ""                  , ""              , ""              , ""              , "0.1"     , ""              , "0.06"          , ""             , ""              , ""              , ""              , "0.29"          , ""              , "0.9"   , ""              , ""              , ""              , ""              , "43.25"         , ""              , ""                                                       , ""                    , ""              , ""                                            , ""              , ""              , ""              , ""              , ""              , ""
"Juniperus pseudosabina (J.turkestanica)"        , "236061"    , "34"   , "0.19"         , "0.02"           , "0.05"         , "46.99"       , ""              , "0.13"    , ""             , ""            , "0.03"    , "3.16"                    , "0.08"    , "0.31"    , "0.36"             , ""               , "0.06"       , ""        , ""             , ""            , ""       , ""               , ""                        , ""                 , ""                     , "0.15"          , ""       , ""                , ""              , "0.45"         , ""                      , ""               , ""             , "0.5"         , "1.64"         , "0.52"         , ""                  , ""              , ""              , ""              , "0.09"    , ""              , "0.05"          , ""             , ""              , ""              , ""              , "0.28"          , ""              , "0.87"  , ""              , ""              , ""              , ""              , "43.08"         , ""              , ""                                                       , ""                    , ""              , ""                                            , ""              , ""              , ""              , ""              , ""              , ""
"Juniperus pseudosabina (J.turkestanica)"        , "254450"    , "35"   , ""             , ""               , "0.06"         , "48.68"       , ""              , "0.16"    , ""             , ""            , "0.04"    , "3.39"                    , "0.15"    , "0.34"    , "0.4"              , ""               , "0.07"       , ""        , ""             , ""            , ""       , ""               , ""                        , ""                 , ""                     , "0.16"          , ""       , ""                , ""              , "0.59"         , ""                      , ""               , ""             , "0.56"        , "1.84"         , "0.57"         , ""                  , ""              , ""              , ""              , "0.11"    , ""              , ""              , ""             , ""              , ""              , ""              , "0.32"          , ""              , "0.98"  , ""              , ""              , ""              , ""              , "40.59"         , ""              , ""                                                       , ""                    , ""              , ""                                            , ""              , ""              , ""              , ""              , ""              , ""
"Juniperus pseudosabina (J.turkestanica)"        , "254450"    , "36"   , ""             , ""               , "0.05"         , "49.91"       , ""              , "0.15"    , ""             , ""            , "0.04"    , "3.42"                    , "0.14"    , "0.34"    , "0.4"              , ""               , "0.06"       , ""        , ""             , ""            , ""       , ""               , ""                        , ""                 , ""                     , "0.16"          , ""       , ""                , ""              , "0.49"         , ""                      , ""               , ""             , "0.53"        , "1.72"         , "0.56"         , ""                  , ""              , ""              , ""              , "0.1"     , ""              , ""              , ""             , ""              , ""              , ""              , "0.32"          , ""              , "0.94"  , ""              , ""              , ""              , ""              , "39.66"         , ""              , ""                                                       , ""                    , ""              , ""                                            , ""              , ""              , ""              , ""              , ""              , ""
"Juniperus rigida"                               , "252947"    , "22"   , "3.3"          , "0.42"           , "0.15"         , "70.26"       , "0.3"           , "0.36"    , ""             , "0.23"        , ""        , "4.66"                    , "3.2"     , "0.97"    , "0.36"             , "0.11"           , "0.81"       , "0.11"    , ""             , ""            , ""       , "0.86"           , ""                        , ""                 , ""                     , "1.49"          , ""       , ""                , ""              , ""             , ""                      , ""               , ""             , "0.1"         , "0.31"         , "3.35"         , ""                  , ""              , ""              , ""              , "2.18"    , ""              , ""              , "0.99"         , ""              , ""              , ""              , "0.89"          , ""              , ""      , ""              , ""              , ""              , ""              , "0.72"          , ""              , ""                                                       , ""                    , ""              , ""                                            , ""              , ""              , ""              , "1.38"          , "0.62"          , ""
"Juniperus rigida"                               , "252947"    , "23"   , "2.96"         , "0.27"           , "0.13"         , "70.67"       , "0.33"          , "0.41"    , ""             , "0.13"        , ""        , "4.55"                    , "3.58"    , "0.99"    , "0.36"             , "0.12"           , "0.77"       , "0.14"    , ""             , ""            , ""       , "0.96"           , ""                        , ""                 , ""                     , "1.55"          , ""       , ""                , ""              , ""             , ""                      , ""               , ""             , "0.1"         , "0.29"         , "3.45"         , ""                  , ""              , ""              , ""              , "2.15"    , ""              , ""              , "1.07"         , ""              , ""              , ""              , "0.97"          , ""              , ""      , ""              , ""              , ""              , ""              , "0.7"           , ""              , ""                                                       , ""                    , ""              , ""                                            , ""              , ""              , ""              , "1.49"          , ""              , ""
"Juniperus rigida"                               , "252947"    , "24"   , "2.22"         , "0.21"           , "0.14"         , "72.39"       , "0.3"           , "0.38"    , ""             , "0.11"        , ""        , "4.4"                     , "3.27"    , "0.89"    , "0.36"             , "0.14"           , "0.6"        , "0.14"    , ""             , ""            , ""       , "0.93"           , ""                        , ""                 , ""                     , "1.42"          , ""       , ""                , ""              , ""             , ""                      , ""               , ""             , "0.11"        , "0.27"         , "3.36"         , ""                  , ""              , ""              , "0.08"          , "2.07"    , ""              , ""              , "0.99"         , ""              , ""              , ""              , "0.96"          , ""              , ""      , ""              , ""              , ""              , ""              , "0.71"          , ""              , ""                                                       , ""                    , ""              , ""                                            , ""              , ""              , ""              , "1.58"          , ""              , ""
"Juniperus rigida"                               , "318939"    , "4"    , "2"            , "1.04"           , "0.13"         , "59.45"       , ""              , "0.31"    , "0.21"         , "0.12"        , ""        , "6.53"                    , "0.52"    , "1.8"     , "0.96"             , ""               , "0.22"       , "0.19"    , ""             , ""            , ""       , "0.05"           , ""                        , ""                 , ""                     , "0.73"          , ""       , ""                , ""              , ""             , ""                      , ""               , "0.09"         , "0.27"        , "2.01"         , "12.67"        , ""                  , ""              , ""              , ""              , "7.62"    , "0.13"          , ""              , "0.1"          , ""              , ""              , ""              , "0.18"          , ""              , "0.14"  , ""              , ""              , ""              , ""              , ""              , "0.12"          , ""                                                       , ""                    , ""              , "0.26"                                        , ""              , "0.34"          , ""              , ""              , ""              , ""
"Juniperus rigida"                               , "318939"    , "5"    , "1.86"         , "0.72"           , "0.11"         , "61.22"       , ""              , "0.34"    , "0.2"          , "0.08"        , ""        , "6.64"                    , "0.52"    , "1.77"    , "0.97"             , ""               , "0.23"       , "0.17"    , ""             , ""            , ""       , "0.06"           , ""                        , ""                 , ""                     , "0.67"          , ""       , ""                , ""              , ""             , ""                      , ""               , "0.1"          , "0.29"        , "1.96"         , "12.26"        , ""                  , ""              , ""              , ""              , "7.39"    , "0.15"          , ""              , ""             , ""              , ""              , ""              , "0.2"           , ""              , "0.16"  , ""              , ""              , ""              , ""              , ""              , "0.12"          , ""                                                       , ""                    , ""              , "0.17"                                        , ""              , "0.31"          , ""              , ""              , ""              , ""
"Juniperus rigida"                               , "318939"    , "6"    , "2.26"         , "0.8"            , "0.12"         , "60.62"       , ""              , "0.31"    , "0.19"         , "0.1"         , ""        , "6.43"                    , "0.61"    , "1.77"    , "0.96"             , ""               , "0.22"       , "0.16"    , ""             , ""            , ""       , "0.06"           , ""                        , ""                 , ""                     , "0.68"          , ""       , ""                , ""              , ""             , ""                      , ""               , "0.09"         , "0.3"         , "2.04"         , "12.41"        , ""                  , ""              , ""              , ""              , "7.52"    , "0.19"          , ""              , ""             , ""              , ""              , ""              , "0.19"          , ""              , ""      , ""              , ""              , ""              , ""              , ""              , "0.1"           , ""                                                       , ""                    , ""              , ""                                            , ""              , "0.3"           , ""              , ""              , ""              , ""
"Juniperus sabina"                               , "18-1"      , "55"   , "0.59"         , "0.06"           , "0.25"         , "0.65"        , ""              , ""        , ""             , "0.04"        , "23.74"   , "1.22"                    , ""        , "31.75"   , "0.04"             , "0.03"           , "0.07"       , ""        , ""             , ""            , ""       , ""               , "0.4"                     , ""                 , ""                     , "0.03"          , "0.17"   , ""                , "0.42"          , "0.1"          , ""                      , ""               , "0.33"         , "0.31"        , "0.25"         , "1.19"         , ""                  , ""              , ""              , ""              , "0.25"    , "0.91"          , ""              , "0.31"         , ""              , ""              , ""              , ""              , ""              , "8.75"  , ""              , ""              , ""              , ""              , "24.26"         , ""              , ""                                                       , ""                    , ""              , "0.24"                                        , ""              , ""              , ""              , ""              , ""              , "1.51"
"Juniperus sabina"                               , "18-2"      , "56"   , "0.79"         , "0.07"           , "0.24"         , "0.86"        , ""              , ""        , ""             , "0.09"        , "13.01"   , "1.65"                    , "0.06"    , "33.91"   , ""                 , "0.04"           , "0.04"       , ""        , "0.17"         , "3.33"        , ""       , ""               , "0.4"                     , "0.1"              , "3.2"                  , ""              , ""       , ""                , "0.52"          , "0.07"         , ""                      , ""               , "0.43"         , "0.34"        , "0.16"         , "0.54"         , ""                  , ""              , ""              , ""              , "0.25"    , "0.75"          , ""              , "0.28"         , ""              , "0.73"          , ""              , ""              , ""              , "18.18" , ""              , ""              , ""              , ""              , "15.53"         , ""              , ""                                                       , ""                    , ""              , "0.54"                                        , ""              , ""              , ""              , ""              , ""              , "1.85"
"Juniperus sabina"                               , "18-3"      , "57"   , "0.72"         , "0.04"           , "0.23"         , "0.7"         , ""              , ""        , ""             , "0.06"        , "9.54"    , "1.45"                    , "0.04"    , "27.4"    , ""                 , "0.04"           , "0.31"       , ""        , "0.17"         , "3.61"        , ""       , ""               , "0.35"                    , "0.13"             , "2.83"                 , ""              , ""       , ""                , "0.57"          , "0.11"         , ""                      , ""               , "0.33"         , "0.33"        , "0.68"         , "0.52"         , ""                  , ""              , ""              , ""              , "0.23"    , "0.64"          , ""              , "0.36"         , ""              , "0.68"          , ""              , ""              , ""              , "21.91" , ""              , ""              , ""              , ""              , "22.43"         , ""              , ""                                                       , ""                    , ""              , ""                                            , ""              , ""              , ""              , ""              , ""              , "1.81"
"Juniperus scopulorum"                           , "305660"    , "29"   , "0.96"         , "0.12"           , "1.16"         , "6.33"        , ""              , "0.26"    , ""             , "0.16"        , "46.37"   , "2.47"                    , "0.45"    , "2.69"    , ""                 , "0.06"           , "0.14"       , ""        , ""             , ""            , "0.34"   , ""               , "0.64"                    , ""                 , ""                     , "2.61"          , ""       , ""                , "1.96"          , "0.07"         , ""                      , ""               , ""             , "0.13"        , "0.25"         , "0.49"         , ""                  , ""              , ""              , ""              , "0.12"    , ""              , ""              , ""             , ""              , "0.31"          , ""              , ""              , ""              , "13.48" , ""              , ""              , ""              , ""              , "13.57"         , ""              , ""                                                       , ""                    , ""              , "0.39"                                        , ""              , ""              , "0.28"          , ""              , ""              , "3.4"
"Juniperus scopulorum"                           , "305660"    , "30"   , "0.77"         , "0.09"           , "1.11"         , "7.03"        , ""              , "0.24"    , ""             , "0.16"        , "46.72"   , "2.54"                    , "0.7"     , "2.6"     , ""                 , "0.04"           , "0.24"       , ""        , ""             , ""            , "0.39"   , ""               , "0.66"                    , ""                 , ""                     , "2.55"          , ""       , ""                , "1.87"          , "0.09"         , ""                      , ""               , ""             , "0.13"        , "0.27"         , "0.46"         , ""                  , ""              , ""              , ""              , "0.12"    , ""              , ""              , ""             , ""              , "0.29"          , ""              , ""              , ""              , "12.35" , ""              , ""              , ""              , ""              , "13.72"         , ""              , ""                                                       , ""                    , ""              , "0.2"                                         , ""              , ""              , "0.31"          , ""              , ""              , "3.61"
"Juniperus virginiana"                           , "248592"    , "41"   , "0.72"         , ""               , "0.11"         , "2.03"        , ""              , ""        , ""             , "0.6"         , "0.28"    , "1.42"                    , ""        , "47.93"   , ""                 , ""               , "0.23"       , ""        , ""             , ""            , ""       , ""               , ""                        , ""                 , ""                     , "0.56"          , "0.55"   , ""                , "2.66"          , "0.46"         , ""                      , ""               , ""             , "0.41"        , "0.66"         , "5.44"         , ""                  , ""              , ""              , ""              , "0.33"    , ""              , ""              , ""             , ""              , "0.36"          , ""              , ""              , ""              , "14.2"  , ""              , ""              , ""              , ""              , "18.18"         , "0.38"          , ""                                                       , ""                    , ""              , "0.22"                                        , ""              , ""              , "0.34"          , ""              , ""              , "0.53"
"Juniperus virginiana"                           , "248592"    , "42"   , "0.61"         , ""               , ""             , "2.07"        , ""              , ""        , ""             , "0.63"        , "0.26"    , "1.32"                    , ""        , "45.73"   , ""                 , ""               , "0.24"       , ""        , ""             , ""            , ""       , ""               , ""                        , ""                 , ""                     , "0.65"          , "0.53"   , ""                , "2.77"          , "0.48"         , ""                      , ""               , ""             , "0.44"        , "0.64"         , "5.67"         , ""                  , ""              , ""              , ""              , "0.38"    , ""              , ""              , ""             , ""              , "0.66"          , ""              , ""              , ""              , "14.66" , ""              , ""              , ""              , ""              , "19.42"         , "0.39"          , ""                                                       , ""                    , ""              , "0.31"                                        , ""              , ""              , "0.37"          , ""              , ""              , "0.56"
"Juniperus virginiana"                           , "315380_1,1", "43"   , "0.13"         , ""               , "0.48"         , "16.29"       , ""              , "0.08"    , ""             , "0.6"         , "28.35"   , "2.72"                    , "0.78"    , "1.01"    , ""                 , ""               , "0.14"       , ""        , ""             , ""            , ""       , ""               , ""                        , ""                 , ""                     , ""              , ""       , ""                , "0.22"          , "0.59"         , ""                      , ""               , ""             , "0.57"        , "0.82"         , "10.27"        , ""                  , ""              , ""              , ""              , "0.49"    , ""              , ""              , "0.38"         , ""              , ""              , ""              , ""              , ""              , "0.77"  , ""              , ""              , ""              , ""              , "31.22"         , "1.13"          , ""                                                       , ""                    , ""              , "0.53"                                        , ""              , ""              , ""              , "0.48"          , ""              , ""
"Juniperus virginiana"                           , "315380_1,1", "44"   , ""             , ""               , "0.55"         , "17.2"        , ""              , ""        , ""             , "0.58"        , "29.52"   , "2.74"                    , "0.75"    , "1.03"    , ""                 , ""               , ""           , ""        , ""             , ""            , ""       , ""               , ""                        , ""                 , ""                     , ""              , ""       , ""                , "0.25"          , "0.51"         , ""                      , ""               , ""             , "0.59"        , "0.63"         , "10.5"         , ""                  , ""              , ""              , ""              , "0.45"    , ""              , ""              , "0.37"         , ""              , ""              , ""              , ""              , ""              , "0.8"   , ""              , ""              , ""              , ""              , "28.87"         , "1.25"          , ""                                                       , ""                    , ""              , "0.98"                                        , ""              , ""              , ""              , "0.7"           , ""              , ""
"Juniperus virginiana"                           , "315380_1,2", "47"   , "0.64"         , "0.9"            , "0.17"         , "8.16"        , ""              , ""        , ""             , "0.86"        , "7.54"    , "1.43"                    , "0.21"    , "26"      , ""                 , ""               , "0.31"       , ""        , ""             , ""            , ""       , ""               , "0.16"                    , ""                 , ""                     , ""              , "1.37"   , ""                , "2.89"          , "0.41"         , ""                      , ""               , ""             , "0.45"        , "1.24"         , "4.19"         , ""                  , ""              , ""              , ""              , "0.27"    , ""              , ""              , "0.21"         , ""              , "0.87"          , ""              , ""              , ""              , "19.41" , ""              , ""              , ""              , ""              , "19.47"         , "0.18"          , ""                                                       , ""                    , ""              , ""                                            , ""              , ""              , "0.4"           , ""              , ""              , "0.58"
"Juniperus virginiana"                           , "315380_1,2", "48"   , "0.47"         , "0.78"           , "0.19"         , "8.54"        , ""              , ""        , ""             , "0.92"        , "7.42"    , "1.41"                    , "0.17"    , "26.91"   , ""                 , ""               , "0.2"        , ""        , ""             , ""            , ""       , ""               , "0.19"                    , ""                 , ""                     , ""              , "1.32"   , ""                , "2.96"          , "0.34"         , ""                      , ""               , ""             , "0.44"        , "0.9"          , "4.5"          , ""                  , ""              , ""              , ""              , "0.31"    , ""              , ""              , "0.23"         , ""              , "0.92"          , ""              , ""              , ""              , "18.95" , ""              , ""              , ""              , ""              , "19.11"         , "0.25"          , ""                                                       , ""                    , ""              , "0.26"                                        , ""              , ""              , "0.39"          , ""              , ""              , "0.51"
"Juniperus virginiana"                           , "315380_1,3", "45"   , "0.22"         , "0.23"           , "0.19"         , "3.15"        , ""              , ""        , ""             , "1.05"        , "8.62"    , "1.16"                    , "0.3"     , "35.2"    , ""                 , ""               , ""           , ""        , ""             , ""            , ""       , ""               , "0.17"                    , ""                 , ""                     , ""              , "0.65"   , ""                , "4.14"          , ""             , ""                      , ""               , ""             , "0.21"        , "0.29"         , "1.07"         , ""                  , ""              , ""              , ""              , "0.19"    , ""              , ""              , ""             , ""              , "0.81"          , ""              , ""              , ""              , "28.05" , ""              , ""              , ""              , ""              , "10.05"         , "0.22"          , ""                                                       , ""                    , ""              , "1.25"                                        , ""              , ""              , "0.88"          , ""              , ""              , "1.44"
"Juniperus virginiana"                           , "315380_1,3", "46"   , "0.31"         , "0.23"           , "0.25"         , "2.89"        , ""              , ""        , ""             , "1.13"        , "8.68"    , "1.08"                    , "0.22"    , "34.02"   , ""                 , ""               , ""           , ""        , ""             , ""            , ""       , ""               , "0.16"                    , ""                 , ""                     , ""              , "0.31"   , ""                , "4.71"          , ""             , ""                      , ""               , ""             , "0.2"         , "0.34"         , "1.07"         , ""                  , ""              , ""              , ""              , ""        , ""              , ""              , ""             , ""              , "0.81"          , ""              , ""              , ""              , "29.08" , ""              , ""              , ""              , ""              , "10.44"         , ""              , ""                                                       , ""                    , ""              , "1.65"                                        , ""              , ""              , "0.85"          , ""              , ""              , "1.56"
"Juniperus virginiana"                           , "45989-1"   , "49"   , "0.24"         , "0.05"           , "0.58"         , "1.21"        , "0.02"          , "0.02"    , ""             , "0.11"        , "53.06"   , "1.26"                    , "0.31"    , "0.63"    , ""                 , "0.04"           , "0.2"        , ""        , ""             , ""            , ""       , ""               , ""                        , ""                 , ""                     , "0.03"          , "0.71"   , ""                , "4.25"          , "0.17"         , ""                      , ""               , ""             , "0.26"        , "0.68"         , "0.86"         , ""                  , ""              , ""              , ""              , "0.09"    , ""              , ""              , ""             , ""              , "0.38"          , ""              , "0.06"          , ""              , "18.72" , ""              , ""              , ""              , ""              , "13.09"         , ""              , "0.06"                                                   , ""                    , ""              , ""                                            , ""              , ""              , "0.24"          , ""              , ""              , "1.07"
"Juniperus virginiana"                           , "45989-1"   , "50"   , "0.26"         , "0.05"           , "0.62"         , "1.26"        , "0.02"          , "0.02"    , ""             , "0.1"         , "55.12"   , "1.35"                    , "0.39"    , "0.65"    , ""                 , "0.04"           , "0.2"        , ""        , ""             , ""            , ""       , ""               , "0.03"                    , ""                 , ""                     , "0.03"          , "0.75"   , ""                , "4.07"          , "0.15"         , ""                      , ""               , ""             , "0.25"        , "0.65"         , "0.87"         , ""                  , ""              , ""              , ""              , "0.1"     , ""              , ""              , ""             , ""              , "0.37"          , ""              , ""              , ""              , "17.35" , ""              , ""              , ""              , ""              , "12.16"         , ""              , "0.05"                                                   , ""                    , ""              , "0.04"                                        , ""              , ""              , "0.22"          , ""              , ""              , "1.01"
"Juniperus virginiana"                           , "45989-2"   , "51"   , "0.48"         , "0.07"           , "0.58"         , "1.33"        , "0.04"          , ""        , ""             , "0.14"        , "49.58"   , "1.65"                    , "1.03"    , "0.54"    , ""                 , "0.06"           , "0.17"       , ""        , ""             , ""            , ""       , ""               , ""                        , ""                 , ""                     , ""              , "0.1"    , ""                , "3.85"          , ""             , ""                      , ""               , ""             , "0.1"         , "0.19"         , "0.48"         , ""                  , ""              , ""              , ""              , "0.11"    , ""              , ""              , ""             , ""              , "0.46"          , ""              , ""              , ""              , "16.67" , ""              , ""              , ""              , ""              , "18.52"         , ""              , ""                                                       , ""                    , ""              , "0.14"                                        , ""              , ""              , "0.36"          , ""              , ""              , "1.43"
"Juniperus virginiana"                           , "45989-2"   , "52"   , "0.47"         , "0.09"           , "0.53"         , "1.24"        , "0.03"          , ""        , ""             , "0.16"        , "49.82"   , "1.48"                    , "0.78"    , "0.47"    , ""                 , "0.05"           , "0.12"       , ""        , ""             , ""            , ""       , ""               , ""                        , ""                 , ""                     , ""              , "0.08"   , ""                , "3.72"          , ""             , ""                      , ""               , ""             , "0.11"        , "0.17"         , "0.47"         , ""                  , ""              , ""              , ""              , "0.1"     , ""              , ""              , ""             , ""              , "0.43"          , ""              , ""              , ""              , "17.48" , ""              , ""              , ""              , ""              , "18.28"         , ""              , ""                                                       , ""                    , ""              , "0.18"                                        , ""              , ""              , "0.39"          , ""              , ""              , "1.47"
"Juniperus virginiana"                           , "45989-3"   , "53"   , "1.32"         , "0.15"           , "0.13"         , "2.9"         , ""              , ""        , ""             , "0.17"        , "4.29"    , "0.7"                     , "0.05"    , "14.95"   , ""                 , ""               , "0.09"       , ""        , ""             , ""            , ""       , ""               , "0.07"                    , ""                 , ""                     , ""              , "1.07"   , ""                , "3.31"          , "0.09"         , ""                      , ""               , ""             , "0.19"        , "0.37"         , "0.51"         , ""                  , ""              , ""              , ""              , "0.14"    , ""              , ""              , ""             , ""              , "1.05"          , ""              , ""              , ""              , "53.61" , ""              , ""              , ""              , ""              , "11.46"         , ""              , ""                                                       , ""                    , ""              , "0.23"                                        , ""              , ""              , "0.27"          , ""              , ""              , "1.77"
"Juniperus virginiana"                           , "45989-3"   , "54"   , "1.11"         , "0.19"           , "0.09"         , "3"           , ""              , ""        , ""             , "0.17"        , "4.67"    , "0.67"                    , "0.07"    , "15.21"   , ""                 , ""               , "0.07"       , ""        , ""             , ""            , ""       , ""               , "0.08"                    , ""                 , ""                     , ""              , "1.32"   , ""                , "3.45"          , "0.07"         , ""                      , ""               , ""             , "0.21"        , "0.36"         , "0.55"         , ""                  , ""              , ""              , ""              , "0.15"    , ""              , ""              , ""             , ""              , "1.06"          , ""              , ""              , ""              , "52.58" , ""              , ""              , ""              , ""              , "11.09"         , ""              , ""                                                       , ""                    , ""              , "0.33"                                        , ""              , ""              , "0.24"          , ""              , ""              , "1.99"
"Microbiota decussata"                           , "20140030"  , "16"   , "0.09"         , "0.01"           , "0.03"         , "0.13"        , "0.03"          , ""        , ""             , ""            , "0.57"    , "0.11"                    , "1.09"    , "1.64"    , "0.01"             , "0.01"           , "0.05"       , ""        , ""             , ""            , ""       , ""               , "0.01"                    , ""                 , ""                     , ""              , ""       , ""                , ""              , "0"            , "0.02"                  , ""               , ""             , "0.02"        , "0.01"         , ""             , "0.67"              , "0.33"          , ""              , "0.77"          , "0.02"    , "0.43"          , "0.11"          , ""             , "0.14"          , ""              , ""              , ""              , "0.55"          , "12.27" , ""              , ""              , ""              , ""              , "1.37"          , ""              , "0.7"                                                    , "73.73"               , "0.99"          , ""                                            , "1.92"          , "0.53"          , ""              , ""              , ""              , ""
"Microbiota decussata"                           , "20140030"  , "17"   , "0.08"         , "0"              , "0.03"         , "0.12"        , "0.03"          , ""        , ""             , ""            , "0.51"    , "0.1"                     , "1"       , "1.43"    , "0.01"             , "0"              , "0.05"       , ""        , ""             , ""            , ""       , ""               , "0.01"                    , ""                 , ""                     , ""              , ""       , ""                , ""              , "0"            , "0.02"                  , ""               , ""             , "0.03"        , "0.01"         , ""             , "0.65"              , "0.33"          , ""              , "0.77"          , "0.02"    , "0.42"          , "0.11"          , ""             , "0.14"          , ""              , ""              , ""              , "0.53"          , "12.17" , ""              , ""              , ""              , ""              , "1.32"          , ""              , "0.69"                                                   , "74.31"               , "0.98"          , ""                                            , "1.97"          , "0.52"          , ""              , ""              , ""              , ""
"Microbiota decussata"                           , "20140030"  , "18"   , "0.07"         , "0"              , "0.03"         , "0.11"        , "0.02"          , ""        , ""             , "0"           , "0.47"    , "0.1"                     , "0.88"    , "1.43"    , "0.01"             , "0"              , "0.11"       , ""        , ""             , ""            , ""       , ""               , "0.01"                    , ""                 , ""                     , ""              , ""       , ""                , ""              , "0"            , "0.02"                  , ""               , ""             , "0.03"        , "0.02"         , ""             , "0.66"              , "0.3"           , ""              , "0.62"          , ""        , "0.41"          , "0.1"           , "0.28"         , "0.79"          , ""              , ""              , ""              , "0.52"          , "13.05" , ""              , ""              , ""              , ""              , "1.57"          , ""              , "0.64"                                                   , "72.38"               , "0.94"          , ""                                            , "2.26"          , "0.52"          , ""              , ""              , ""              , ""
"Microbiota decussata"                           , "4/73"      , "7"    , "0.11"         , "0.01"           , "0.03"         , "0.13"        , "0.03"          , ""        , ""             , ""            , "0.43"    , "0.1"                     , "1.15"    , "1.41"    , "0.01"             , "0.01"           , "0.11"       , ""        , ""             , ""            , ""       , ""               , "0.01"                    , ""                 , ""                     , ""              , ""       , ""                , ""              , ""             , "0.01"                  , ""               , ""             , "0.02"        , ""             , ""             , "0.96"              , "0.54"          , ""              , "1.14"          , "0.04"    , "0.7"           , "0.18"          , ""             , "0.6"           , ""              , "0.02"          , ""              , "0.89"          , ""      , ""              , ""              , ""              , ""              , "4.16"          , ""              , "0.73"                                                   , "80.36"               , "1.07"          , ""                                            , "2.72"          , "0.66"          , ""              , ""              , ""              , ""
"Microbiota decussata"                           , "4/73"      , "8"    , "0.12"         , "0.01"           , "0.03"         , "0.15"        , "0.04"          , ""        , ""             , ""            , "0.46"    , "0.11"                    , "1.35"    , "1.34"    , "0.01"             , "0.01"           , "0.11"       , ""        , ""             , ""            , ""       , ""               , "0.01"                    , ""                 , ""                     , ""              , ""       , ""                , ""              , ""             , "0.02"                  , ""               , ""             , "0.03"        , ""             , ""             , "0.98"              , "0.57"          , ""              , "1.13"          , "0.04"    , "0.72"          , "0.17"          , ""             , "0.61"          , ""              , "0.02"          , ""              , "0.94"          , ""      , ""              , ""              , ""              , ""              , "3.96"          , ""              , "0.76"                                                   , "79.91"               , "1.11"          , ""                                            , "2.83"          , "0.69"          , ""              , ""              , ""              , ""
"Microbiota decussata"                           , "4/73"      , "9"    , "0.12"         , "0.01"           , "0.03"         , "0.14"        , "0.03"          , ""        , ""             , ""            , "0.46"    , "0.1"                     , "1.19"    , "1.5"     , "0.01"             , "0.01"           , "0.09"       , ""        , ""             , ""            , ""       , ""               , "0.01"                    , ""                 , ""                     , ""              , ""       , ""                , ""              , ""             , "0.01"                  , ""               , ""             , "0.02"        , ""             , ""             , "0.94"              , "0.55"          , ""              , "1.16"          , "0.04"    , "0.69"          , "0.17"          , ""             , "0.56"          , ""              , ""              , ""              , "0.9"           , ""      , ""              , ""              , ""              , ""              , "4.05"          , ""              , "0.73"                                                   , "80.46"               , "1.08"          , ""                                            , "2.73"          , "0.65"          , ""              , ""              , ""              , ""
"Thuja occidentalis"                             , "235076-1"  , "71"   , "1.69"         , ""               , "0.26"         , "1.32"        , "0.47"          , "0.45"    , ""             , "0.2"         , "5.86"    , "1.91"                    , ""        , "0.92"    , ""                 , ""               , ""           , "6.28"    , "61.19"        , "6.32"        , "1.27"   , "0.07"           , "1.29"                    , "0.46"             , ""                     , "1.34"          , ""       , ""                , ""              , ""             , "0.93"                  , "0.07"           , ""             , "0.09"        , ""             , "1.19"         , ""                  , ""              , "0.56"          , ""              , "0.47"    , ""              , ""              , ""             , ""              , ""              , ""              , ""              , ""              , ""      , ""              , "0.38"          , ""              , ""              , "1.55"          , "0.43"          , ""                                                       , ""                    , ""              , "0.44"                                        , ""              , ""              , ""              , ""              , ""              , ""
"Thuja occidentalis"                             , "235076-2"  , "72"   , "0.98"         , "0.05"           , "0.21"         , "0.96"        , "0.35"          , "0.38"    , ""             , "0.16"        , "5.54"    , "1.59"                    , ""        , "0.77"    , "0.03"             , ""               , ""           , "5.45"    , "63.33"        , "5.29"        , "0.63"   , "0.18"           , "1.49"                    , "0.6"              , "0.05"                 , "2.04"          , ""       , ""                , ""              , ""             , "0.94"                  , "0.11"           , ""             , "0.07"        , ""             , "1.39"         , ""                  , ""              , "0.46"          , ""              , "0.52"    , ""              , ""              , ""             , ""              , ""              , ""              , ""              , ""              , ""      , "0.67"          , ""              , ""              , ""              , "1.89"          , "0.57"          , ""                                                       , ""                    , ""              , "0.35"                                        , ""              , ""              , ""              , ""              , ""              , ""
"Thuja occidentalis"                             , "62390_1"   , "69"   , "1.23"         , "0.05"           , "0.2"          , "0.94"        , "0.43"          , "0.42"    , ""             , "0.18"        , "5.25"    , "1.76"                    , ""        , "0.88"    , "0.04"             , "0.02"           , "0.04"       , "5.81"    , "63.31"        , "3"           , "0.43"   , "0.15"           , "1.47"                    , "0.29"             , "0.03"                 , "2.42"          , ""       , ""                , ""              , "0.02"         , "1.08"                  , "0.05"           , ""             , "0.14"        , ""             , "1.63"         , ""                  , ""              , "0.99"          , ""              , "0.59"    , "0.04"          , ""              , ""             , ""              , ""              , ""              , ""              , ""              , ""      , "0.14"          , "0.36"          , ""              , ""              , "3.53"          , "0.3"           , ""                                                       , ""                    , ""              , "0.18"                                        , ""              , ""              , ""              , ""              , ""              , ""
"Thuja occidentalis"                             , "62390_2"   , "70"   , "1.58"         , ""               , "0.28"         , "1.64"        , "0.94"          , "0.89"    , ""             , "0.24"        , "4.76"    , "2.43"                    , "0.14"    , "1.01"    , ""                 , ""               , ""           , "10.92"   , "44.77"        , "6.38"        , "0.28"   , "0.26"           , "1.47"                    , "0.45"             , ""                     , "4.63"          , ""       , ""                , ""              , ""             , "1.6"                   , "0.19"           , ""             , "0.18"        , ""             , "3.5"          , ""                  , ""              , "1.14"          , ""              , "1.37"    , ""              , ""              , ""             , ""              , ""              , ""              , ""              , ""              , ""      , ""              , "0.23"          , ""              , ""              , "4.73"          , "0.44"          , ""                                                       , ""                    , ""              , "0.41"                                        , ""              , ""              , ""              , ""              , ""              , ""
"Thuja plicata"                                  , "238174"    , "1"    , "0.51"         , ""               , "0.64"         , "2.41"        , "0.47"          , "0.43"    , ""             , ""            , "19.59"   , "3.5"                     , ""        , "1.25"    , "0.05"             , "0.06"           , "0.32"       , "4.12"    , "51.38"        , "2.65"        , "0.68"   , "0.14"           , "2.18"                    , "0.08"             , ""                     , "1.19"          , ""       , ""                , ""              , ""             , "0.86"                  , "0.13"           , ""             , "0.48"        , ""             , "0.25"         , ""                  , ""              , "0.6"           , ""              , "0.05"    , ""              , ""              , ""             , ""              , ""              , ""              , ""              , ""              , ""      , ""              , "0.79"          , ""              , ""              , "2.17"          , ""              , ""                                                       , ""                    , ""              , "0.15"                                        , ""              , ""              , ""              , ""              , ""              , ""
"Thuja plicata"                                  , "238174"    , "2"    , "0.46"         , "0.02"           , "0.62"         , "2.4"         , "0.47"          , "0.42"    , ""             , "0.04"        , "19.41"   , "3.53"                    , ""        , "1.26"    , "0.05"             , "0.04"           , "0.31"       , "4.16"    , "51"           , "2.75"        , "0.68"   , "0.15"           , "2.3"                     , "0.08"             , "0.04"                 , "1.22"          , ""       , ""                , ""              , ""             , "0.89"                  , "0.12"           , ""             , "0.47"        , ""             , "0.25"         , ""                  , ""              , "0.63"          , ""              , "0.05"    , ""              , ""              , ""             , ""              , ""              , ""              , ""              , ""              , ""      , ""              , "0.75"          , ""              , ""              , "2.18"          , ""              , ""                                                       , ""                    , ""              , "0.18"                                        , ""              , ""              , ""              , ""              , ""              , ""
"Thuja plicata"                                  , "238174"    , "3"    , "0.46"         , "0.02"           , "0.59"         , "2.25"        , "0.44"          , "0.41"    , ""             , "0.04"        , "18.69"   , "3.53"                    , ""        , "1.26"    , "0.04"             , "0.05"           , "0.39"       , "4.22"    , "51.71"        , "2.78"        , "0.72"   , "0.15"           , "2.34"                    , "0.08"             , "0.03"                 , "1.24"          , ""       , ""                , ""              , ""             , "0.9"                   , "0.12"           , ""             , "0.47"        , ""             , "0.25"         , ""                  , ""              , "0.63"          , ""              , "0.05"    , ""              , ""              , ""             , ""              , ""              , ""              , ""              , ""              , ""      , ""              , "0.84"          , ""              , ""              , "2.21"          , ""              , ""                                                       , ""                    , ""              , "0.14"                                        , ""              , ""              , ""              , ""              , ""              , ""
"Thuja plicata"                                  , "288244_1"  , "67"   , "0.74"         , "0.08"           , "0.21"         , "1.1"         , ""              , ""        , ""             , ""            , "4.28"    , "1.57"                    , ""        , "0.47"    , ""                 , "0.02"           , "0.12"       , ""        , "82.59"        , "3.2"         , ""       , ""               , "0.87"                    , "0.03"             , ""                     , "0.06"          , ""       , ""                , ""              , ""             , "0.13"                  , "0.12"           , ""             , "0.13"        , ""             , "0.13"         , ""                  , ""              , ""              , ""              , "0.03"    , ""              , ""              , ""             , ""              , ""              , ""              , ""              , ""              , ""      , ""              , "0.46"          , ""              , ""              , "1.12"          , ""              , ""                                                       , ""                    , ""              , "0.06"                                        , ""              , ""              , ""              , ""              , ""              , ""
"Thuja plicata"                                  , "288244_2"  , "68"   , "0.04"         , "0.06"           , "0.17"         , "0.85"        , ""              , ""        , ""             , "0.01"        , "3.84"    , "1.81"                    , ""        , "0.46"    , ""                 , "0.01"           , "0.12"       , ""        , "83.53"        , "3.1"         , ""       , ""               , "1.09"                    , "0.02"             , ""                     , "0.03"          , ""       , ""                , ""              , ""             , "0.14"                  , "0.11"           , ""             , "0.19"        , ""             , "0.11"         , ""                  , ""              , "0.16"          , ""              , "0.04"    , ""              , ""              , ""             , ""              , ""              , ""              , ""              , ""              , ""      , ""              , "0.24"          , ""              , ""              , "1.41"          , ""              , ""                                                       , "0.15"                , ""              , "0.04"                                        , ""              , ""              , ""              , ""              , ""              , ""
"Thujopsis dolabrata 'Variegata'"                , "299338/72" , "25"   , "0.73"         , ""               , "1.19"         , "5.44"        , ""              , "0.06"    , ""             , "0.08"        , "74.28"   , "5.6"                     , "1.76"    , "1.16"    , "0.08"             , "0.67"           , "0.18"       , ""        , ""             , ""            , ""       , ""               , "1.18"                    , ""                 , ""                     , "0.05"          , ""       , ""                , ""              , ""             , "0.59"                  , "0.06"           , "0.05"         , "0.22"        , ""             , "0.88"         , ""                  , ""              , ""              , ""              , "0.41"    , ""              , ""              , "0.37"         , ""              , ""              , ""              , ""              , ""              , "2.63"  , ""              , ""              , ""              , ""              , "0.39"          , ""              , ""                                                       , ""                    , ""              , "0.27"                                        , ""              , ""              , ""              , ""              , ""              , ""
"Thujopsis dolabrata 'Variegata'"                , "299338/72" , "26"   , "0.5"          , ""               , "1.18"         , "5.27"        , "0.02"          , "0.05"    , ""             , "0.07"        , "75.23"   , "5.43"                    , "1.69"    , "1.12"    , "0.07"             , "0.65"           , "0.27"       , ""        , ""             , ""            , ""       , ""               , "1.15"                    , ""                 , ""                     , "0.05"          , ""       , ""                , ""              , ""             , "0.55"                  , "0.06"           , "0.05"         , "0.22"        , ""             , "0.85"         , ""                  , ""              , ""              , ""              , "0.41"    , ""              , ""              , "0.41"         , ""              , ""              , ""              , ""              , ""              , "2.57"  , ""              , ""              , ""              , ""              , "0.38"          , ""              , ""                                                       , ""                    , ""              , "0.04"                                        , ""              , ""              , ""              , ""              , ""              , ""