"Line"    , "Day"   , "Fatty acid"           , "Value"
"54 WT"   , "0 Days", "Menthone"             , "0.68±0.02"
"54 WT"   , "2 Days", "Menthone"             , "0.39±0.03"
"54 WT"   , "7 Days", "Menthone"             , "0.30±0.08"
"54 WT"   , "0 Days", "Isomenthone"          , "0.56±0.01"
"54 WT"   , "2 Days", "Isomenthone"          , "0.36±0.01"
"54 WT"   , "7 Days", "Isomenthone"          , "0.27±0.13"
"54 WT"   , "0 Days", "Menthol"              , "0.93±0.00"
"54 WT"   , "2 Days", "Menthol"              , "0.76±0.02"
"54 WT"   , "7 Days", "Menthol"              , "0.61±0.32"
"54 WT"   , "0 Days", "Pulegone"             , "1.07±0.00"
"54 WT"   , "2 Days", "Pulegone"             , "0.62±0.18"
"54 WT"   , "7 Days", "Pulegone"             , "1.34±0.25"
"54 WT"   , "0 Days", "Sum of all compounds*", "3.38±0.03"
"54 WT"   , "2 Days", "Sum of all compounds*", "2.45±0.24"
"54 WT"   , "7 Days", "Sum of all compounds*", "2.77±0.83"
"Cod A_25", "0 Days", "Menthone"             , "0.59±0.14"
"Cod A_25", "2 Days", "Menthone"             , "0.65±0.06"
"Cod A_25", "7 Days", "Menthone"             , "0.59±0.38"
"Cod A_25", "0 Days", "Isomenthone"          , "0.55±0.09"
"Cod A_25", "2 Days", "Isomenthone"          , "0.60±0.03"
"Cod A_25", "7 Days", "Isomenthone"          , "0.50±0.26"
"Cod A_25", "0 Days", "Menthol"              , "0.89±0.14"
"Cod A_25", "2 Days", "Menthol"              , "0.94±0.09"
"Cod A_25", "7 Days", "Menthol"              , "0.93±0.37"
"Cod A_25", "0 Days", "Pulegone"             , "0.76±0.14"
"Cod A_25", "2 Days", "Pulegone"             , "0.99±0.07"
"Cod A_25", "7 Days", "Pulegone"             , "1.44±0.37"
"Cod A_25", "0 Days", "Sum of all compounds*", "2.91±0.54"
"Cod A_25", "2 Days", "Sum of all compounds*", "3.35±0.00"
"Cod A_25", "7 Days", "Sum of all compounds*", "3.68±1.39"
"Cod A_8" , "0 Days", "Menthone"             , "0.53±0.08"
"Cod A_8" , "2 Days", "Menthone"             , "0.57±0.03"
"Cod A_8" , "7 Days", "Menthone"             , "0.64±0.48"
"Cod A_8" , "0 Days", "Isomenthone"          , "0.53±0.08"
"Cod A_8" , "2 Days", "Isomenthone"          , "0.64±0.06"
"Cod A_8" , "7 Days", "Isomenthone"          , "0.49±0.25"
"Cod A_8" , "0 Days", "Menthol"              , "1.00±0.12"
"Cod A_8" , "2 Days", "Menthol"              , "1.10±0.08"
"Cod A_8" , "7 Days", "Menthol"              , "0.92±0.22"
"Cod A_8" , "0 Days", "Pulegone"             , "0.91±0.13"
"Cod A_8" , "2 Days", "Pulegone"             , "0.55±0.03"
"Cod A_8" , "7 Days", "Pulegone"             , "1.36±0.15"
"Cod A_8" , "0 Days", "Sum of all compounds*", "3.10±0.44"
"Cod A_8" , "2 Days", "Sum of all compounds*", "3.06±0.17"
"Cod A_8" , "7 Days", "Sum of all compounds*", "3.67±1.16"
"FeSOD_11", "0 Days", "Menthone"             , "0.75±0.07"
"FeSOD_11", "2 Days", "Menthone"             , "0.89±0.26"
"FeSOD_11", "7 Days", "Menthone"             , "0.72±0.36"
"FeSOD_11", "0 Days", "Isomenthone"          , "0.55±0.04"
"FeSOD_11", "2 Days", "Isomenthone"          , "0.68±0.22"
"FeSOD_11", "7 Days", "Isomenthone"          , "0.63±0.11"
"FeSOD_11", "0 Days", "Menthol"              , "0.81±0.04"
"FeSOD_11", "2 Days", "Menthol"              , "0.93±0.22"
"FeSOD_11", "7 Days", "Menthol"              , "1.12±0.05"
"FeSOD_11", "0 Days", "Pulegone"             , "0.64±0.06"
"FeSOD_11", "2 Days", "Pulegone"             , "1.06±0.15"
"FeSOD_11", "7 Days", "Pulegone"             , "0.91±0.28"
"FeSOD_11", "0 Days", "Sum of all compounds*", "3.68±1.39"
"FeSOD_11", "2 Days", "Sum of all compounds*", "2.86±0.22"
"FeSOD_11", "7 Days", "Sum of all compounds*", "3.71±0.74"
"FeSOD_20", "0 Days", "Menthone"             , "0.96±0.45"
"FeSOD_20", "2 Days", "Menthone"             , "0.59±0.07"
"FeSOD_20", "7 Days", "Menthone"             , "0.74±0.20"
"FeSOD_20", "0 Days", "Isomenthone"          , "0.71±0.27"
"FeSOD_20", "2 Days", "Isomenthone"          , "0.51±0.15"
"FeSOD_20", "7 Days", "Isomenthone"          , "0.46±0.15"
"FeSOD_20", "0 Days", "Menthol"              , "1.03±0.28"
"FeSOD_20", "2 Days", "Menthol"              , "0.83±0.21"
"FeSOD_20", "7 Days", "Menthol"              , "0.70±0.21"
"FeSOD_20", "0 Days", "Pulegone"             , "0.60±0.48"
"FeSOD_20", "2 Days", "Pulegone"             , "0.69±0.41"
"FeSOD_20", "7 Days", "Pulegone"             , "1.31±0.05"
"FeSOD_20", "0 Days", "Sum of all compounds*", "3.50±1.61"
"FeSOD_20", "2 Days", "Sum of all compounds*", "2.79±0.00"
"FeSOD_20", "7 Days", "Sum of all compounds*", "3.47±0.57"