"Вид"                                            , "Образец"   , "Проба", "cis-3-hexenal", "2-Hexenal (E)-", "alpha-thujene", "alpha-Pinene", "alpha-fenchene", "Camphene", "н/и RI 965.22", "1-Octen-3-ol", "Sabinene", "beta-Myrcene+beta-Pinene", "3-Carene", "Limonene", "beta-Phellandrene", "gamma-Terpinene", "Terpinolene", "Fenchone", "alpha-Thujone", "beta-Thujone", "Camphor", "Fenchyl acetate", "Sabinene hydrate acetate", "Neothujyl acetate", "trans-Sabinyl acetate", "Bornyl acetate", "Safrole", "Methyl myrtenate", "Pregeijerene B", "delta-Elemene", "alpha-Terpinyl acetate", "Geranyl acetate", "alpha-Copaene", "beta-Elemene", "gamma-Elemene", "Caryophyllene", "(E)-beta-Farnesene", "н/и RI 1462.79", "н/и RI 1463.44", "cis-Thujopsene", "Humulene", "н/и RI 1518.78", "н/и RI 1525.21", "н/и RI 1537.9", "н/и RI 1540.22", "н/и RI 1542.49", "10-epi-Cubebol", "н/и RI 1563.20", "н/и RI 1564.91", "Elemol", "н/и RI 1569.20", "н/и RI 1570.88", "н/и RI 1576.14", "н/и RI 1588.35", "н/и RI 1607.76", "н/и RI 1621.97", "н/и RI 1628.9 (сесквитерпеновый спирт ряд туйопсанола)", "Thujopsan-2-alpha-ol", "н/и RI 1656.71", "н/и RI 1671.6 (вероятно производное ионола)", "н/и RI 1676.22", "н/и RI 1698.51", "н/и RI 1709.61", "н/и RI 1710.29", "н/и RI 1732.30", "н/и RI 1737.42"
"Chamaecyparis lawsoniana 'Ellwoodii'"           , "247596"    , "10"   , "28.4"         , "1.94"          , "5.06"         , "68.4"        , "16.4"          , "2.36"    , ""             , "1.38"        , "70.5"    , "176"                     , "312"     , "4870"    , "11.7"             , "6.86"           , "54.5"       , "3.59"    , ""             , ""            , "4.78"   , "3.38"           , "83"                      , ""                 , ""                     , "25.6"          , ""       , "39"              , ""              , ""             , "135"                   , "68.2"           , ""             , "14.9"        , "2.28"         , "39.9"         , ""                  , "16.3"          , ""              , "26.9"          , "29.2"    , ""              , ""              , "26.9"         , ""              , ""              , "472"           , ""              , "28.6"          , ""      , ""              , "14"            , "445"           , "50.3"          , "208"           , ""              , "16.1"                                                  , "122"                 , "52"            , "7.64"                                       , "33.5"          , "15.6"          , ""              , ""              , ""              , ""
"Chamaecyparis lawsoniana 'Ellwoodii'"           , "247596"    , "11"   , "24.5"         , "2.9"           , "5.7"          , "63.6"        , "14.6"          , "2.06"    , ""             , "1.64"        , "71.2"    , "175"                     , "309"     , "5350"    , "12.1"             , "7.62"           , "60"         , "3.58"    , ""             , ""            , "4.99"   , "3.63"           , "90"                      , ""                 , ""                     , "28.2"          , ""       , "42"              , ""              , ""             , "144"                   , "85.8"           , ""             , "14.1"        , "2.66"         , "46.7"         , ""                  , "17.1"          , ""              , "29.1"          , "32"      , ""              , ""              , "28.5"         , ""              , ""              , "515"           , ""              , "29.7"          , ""      , ""              , "14.8"          , "489"           , "52.5"          , "232"           , ""              , "18.2"                                                  , "133"                 , "57.5"          , ""                                           , "27.4"          , "18.6"          , ""              , ""              , ""              , ""
"Chamaecyparis lawsoniana 'Ellwoodii'"           , "247596"    , "12"   , "16.4"         , ""              , "4.59"         , "53"          , "12.2"          , "1.88"    , ""             , "1.28"        , "58.7"    , "151"                     , "260"     , "4090"    , "10.5"             , "6.28"           , "39.1"       , "3.33"    , ""             , ""            , "4.52"   , "3.02"           , "78"                      , ""                 , ""                     , "24.9"          , ""       , "36.1"            , ""              , ""             , "124"                   , "67.7"           , ""             , "14.2"        , "2.25"         , "37.4"         , ""                  , "15.4"          , ""              , "25.9"          , "29.7"    , ""              , ""              , "22.4"         , ""              , ""              , "456"           , ""              , "26.1"          , ""      , ""              , "13"            , "442"           , "42.5"          , "191"           , ""              , "14.7"                                                  , "107"                 , "48.8"          , "10.4"                                       , "24.2"          , "15.2"          , ""              , ""              , ""              , ""
"Chamaecyparis lawsoniana ?"                     , "LoveSun1"  , "65"   , "47.2"         , "4.78"          , "3.61"         , "72.9"        , "10.4"          , "1.9"     , ""             , ""            , "44.2"    , "167"                     , "186"     , "11200"   , "8.56"             , "2.24"           , "53.6"       , "5.46"    , ""             , ""            , "5.42"   , "1.79"           , "86.1"                    , ""                 , ""                     , "11.2"          , ""       , "87.6"            , ""              , ""             , "135"                   , "64"             , ""             , "24"          , ""             , "42.7"         , ""                  , "19.4"          , ""              , "65.4"          , "24.6"    , ""              , ""              , "32.9"         , ""              , ""              , "543"           , ""              , "28.1"          , ""      , ""              , "16.8"          , "516"           , "30.3"          , "259"           , ""              , "25.1"                                                  , "138"                 , "90.5"          , ""                                           , "29"            , "17.8"          , ""              , ""              , ""              , ""
"Chamaecyparis pisifera"                         , "10833_1"   , "64"   , "16.3"         , "4.29"          , "58.1"         , "7520"        , ""              , "54.4"    , ""             , "9.79"        , "6.27"    , "2300"                    , "48.1"    , "300"     , "2.27"             , "5.42"           , "40.5"       , ""        , ""             , ""            , ""       , ""               , "20.4"                    , ""                 , ""                     , "899"           , ""       , ""                , ""              , ""             , "65.3"                  , "4.64"           , ""             , ""            , ""             , "90.3"         , ""                  , "10.8"          , ""              , "2.95"          , ""        , "3.43"          , "8.54"          , ""             , "10.5"          , ""              , "7.93"          , "10.3"          , ""              , ""      , ""              , ""              , ""              , ""              , "4.99"          , ""              , "5.54"                                                  , ""                    , "41.1"          , ""                                           , ""              , "7.92"          , ""              , ""              , ""              , ""
"Chamaecyparis pisifera"                         , "10833_2"   , "63"   , "52.2"         , "8.13"          , "83.3"         , "6500"        , "128"           , "74.2"    , ""             , "13.4"        , "18.1"    , "666"                     , "7950"    , "230"     , "29.1"             , "12.9"           , "303"        , ""        , ""             , ""            , ""       , ""               , "15.5"                    , ""                 , ""                     , "1550"          , ""       , ""                , ""              , ""             , "181"                   , "5.69"           , ""             , ""            , ""             , "166"          , ""                  , "4.9"           , ""              , "2.8"           , ""        , "58.4"          , "94.5"          , ""             , "32.6"          , ""              , "17.3"          , "38.4"          , ""              , ""      , ""              , ""              , ""              , ""              , "9.18"          , "5.74"          , "14.8"                                                  , ""                    , "28.4"          , ""                                           , ""              , "31.7"          , ""              , ""              , ""              , ""
"Chamaecyparis pisifera"                         , "49612_D"   , "62"   , "76.6"         , "6.95"          , "61.6"         , "8510"        , ""              , "56.9"    , ""             , "10.5"        , "8.05"    , "1430"                    , "28.2"    , "241"     , "1.93"             , "6.72"           , "45.7"       , ""        , ""             , ""            , "3.06"   , ""               , "15.1"                    , ""                 , ""                     , "1080"          , ""       , ""                , ""              , ""             , "66"                    , "2.28"           , ""             , ""            , ""             , "66.4"         , ""                  , "10.3"          , ""              , ""              , ""        , ""              , "24.5"          , ""             , "9.25"          , ""              , "9.91"          , "12.4"          , ""              , ""      , ""              , ""              , ""              , ""              , ""              , ""              , "5.36"                                                  , ""                    , "35.1"          , ""                                           , ""              , "7.11"          , ""              , ""              , ""              , ""
"Chamaecyparis pisifera"                         , "49612_L"   , "61"   , "66"           , "7.51"          , "88.5"         , "14700"       , ""              , "83.3"    , ""             , "5.82"        , "18.1"    , "1550"                    , "10.3"    , "297"     , "3.36"             , "5.82"           , "61.8"       , ""        , ""             , ""            , "1.41"   , ""               , "26.4"                    , ""                 , ""                     , "1330"          , ""       , ""                , ""              , ""             , "92.2"                  , "15.4"           , ""             , "4.94"        , "40.3"         , "96.9"         , ""                  , ""              , ""              , ""              , ""        , "48.4"          , "128"           , ""             , "24.6"          , ""              , "20.4"          , "46.5"          , ""              , ""      , ""              , ""              , ""              , ""              , "5.51"          , ""              , "11.7"                                                  , ""                    , "12.4"          , ""                                           , ""              , "25.5"          , ""              , ""              , ""              , ""
"Cupressus nootkatensis"                         , "202515"    , "13"   , "33.4"         , ""              , "5.76"         , "2360"        , "37.5"          , "8.92"    , ""             , "5.32"        , "16.9"    , "220"                     , "1770"    , "396"     , "32.4"             , "2.86"           , "46.4"       , ""        , ""             , ""            , ""       , "1.36"           , "6.06"                    , ""                 , ""                     , "7.62"          , ""       , ""                , ""              , ""             , "12.3"                  , ""               , "9.33"         , ""            , ""             , ""             , ""                  , ""              , ""              , ""              , ""        , "8.42"          , ""              , "10.2"         , ""              , ""              , "3.78"          , "3.41"          , ""              , ""      , ""              , ""              , "8.33"          , ""              , "89"            , ""              , ""                                                      , ""                    , ""              , "20.1"                                       , ""              , "7.28"          , ""              , ""              , ""              , ""
"Cupressus nootkatensis"                         , "202515"    , "14"   , "29.7"         , ""              , "5.88"         , "2020"        , "32.3"          , "9.1"     , ""             , "5.01"        , "13.8"    , "190"                     , "1490"    , "324"     , "27.4"             , "2.36"           , "27.6"       , ""        , ""             , ""            , ""       , ""               , "5.8"                     , ""                 , ""                     , "5.25"          , ""       , ""                , ""              , ""             , "10.3"                  , ""               , "8.55"         , ""            , ""             , ""             , ""                  , ""              , ""              , ""              , ""        , "7.18"          , ""              , "6.59"         , ""              , ""              , "3.27"          , ""              , ""              , ""      , ""              , ""              , "6.64"          , "2.56"          , "82.2"          , ""              , ""                                                      , ""                    , ""              , "25.9"                                       , ""              , "4.92"          , ""              , ""              , ""              , ""
"Cupressus nootkatensis"                         , "202515"    , "15"   , "26.1"         , ""              , "5.89"         , "2250"        , "35.5"          , "9.65"    , ""             , "4.96"        , "15.9"    , "208"                     , "1700"    , "368"     , "30.1"             , "2.58"           , "28.8"       , ""        , ""             , ""            , ""       , ""               , "5.64"                    , ""                 , ""                     , "7.89"          , ""       , ""                , ""              , ""             , "11.8"                  , ""               , "9.44"         , ""            , ""             , ""             , ""                  , ""              , ""              , ""              , ""        , "9.16"          , ""              , "9.68"         , ""              , ""              , "4.1"           , "3.21"          , ""              , ""      , ""              , ""              , "8.46"          , "3.33"          , "83.2"          , ""              , ""                                                      , ""                    , ""              , "27"                                         , ""              , "6.66"          , ""              , ""              , ""              , ""
"Juniperus chinensis var. sargentii"             , "423705"    , "27"   , "55.6"         , "6.2"           , "27.8"         , "110"         , ""              , "1.56"    , ""             , "5.98"        , "1280"    , "99.3"                    , ""        , "57"      , ""                 , "1.76"           , "12.2"       , ""        , "4.14"         , "73.5"        , ""       , ""               , "34"                      , ""                 , "555"                  , ""              , "4.94"   , ""                , ""              , "16.6"         , ""                      , ""               , "13.4"         , "18.4"        , "38.8"         , "87.2"         , ""                  , ""              , ""              , ""              , "12.7"    , "14.6"          , ""              , "12.5"         , ""              , ""              , ""              , ""              , ""              , "28.2"  , ""              , ""              , ""              , ""              , "1210"          , ""              , ""                                                      , ""                    , ""              , "6.38"                                       , ""              , ""              , ""              , ""              , ""              , ""
"Juniperus chinensis var. sargentii"             , "423705"    , "28"   , "43"           , "5.28"          , "25"           , "105"         , ""              , "1.23"    , ""             , "5.49"        , "1270"    , "91.8"                    , ""        , "54.2"    , ""                 , "2.43"           , "5.4"        , ""        , "3.7"          , "60.7"        , ""       , ""               , "32.2"                    , ""                 , "467"                  , "1.9"           , "4.28"   , ""                , ""              , "11.8"         , ""                      , ""               , "12.3"         , "17.2"        , "21.8"         , "82.3"         , ""                  , ""              , ""              , ""              , "11.8"    , "14"            , ""              , "11.3"         , ""              , ""              , ""              , ""              , ""              , "23.5"  , ""              , ""              , ""              , ""              , "991"           , ""              , ""                                                      , ""                    , ""              , "16.3"                                       , ""              , ""              , ""              , ""              , ""              , ""
"Juniperus communis"                             , "45990-1"   , "58"   , "102"          , "9.5"           , "74.3"         , "1610"        , "5.03"          , "5.12"    , ""             , ""            , "1820"    , "176"                     , "116"     , "73.5"    , "22.6"             , "14"             , "60"         , ""        , ""             , ""            , ""       , ""               , ""                        , ""                 , ""                     , "7.54"          , ""       , ""                , ""              , "8.7"          , ""                      , ""               , ""             , "112"         , "39.8"         , "42.8"         , ""                  , ""              , ""              , ""              , "40.5"    , "23.1"          , "7.93"          , "36.2"         , ""              , ""              , ""              , ""              , ""              , "5.31"  , ""              , ""              , ""              , ""              , "152"           , ""              , ""                                                      , ""                    , ""              , ""                                           , ""              , "9.93"          , ""              , "6.47"          , ""              , ""
"Juniperus communis"                             , "45990-2"   , "59"   , "90.9"         , "5.92"          , "86.1"         , "773"         , ""              , "3.98"    , ""             , ""            , "2530"    , "164"                     , ""        , "82.3"    , "10.7"             , "15.7"           , "54.2"       , ""        , ""             , ""            , ""       , ""               , "7.5"                     , ""                 , ""                     , "3.22"          , ""       , ""                , ""              , "9.81"         , "7.64"                  , ""               , ""             , "85.5"        , "10.3"         , "262"          , ""                  , ""              , ""              , ""              , "166"     , "23.3"          , "9.3"           , "66.4"         , ""              , ""              , ""              , ""              , ""              , "6.55"  , ""              , ""              , ""              , ""              , "21"            , ""              , ""                                                      , ""                    , ""              , ""                                           , ""              , ""              , ""              , ""              , ""              , ""
"Juniperus communis"                             , "45990-3"   , "60"   , "78"           , "9.92"          , "5.71"         , "3050"        , "20"            , "5.17"    , ""             , ""            , "12.4"    , "122"                     , "685"     , "24.4"    , "12.7"             , ""               , "55.6"       , ""        , ""             , ""            , ""       , ""               , ""                        , ""                 , ""                     , "7.97"          , ""       , ""                , ""              , "13.4"         , "19.8"                  , ""               , ""             , "126"         , "144"          , "26.5"         , ""                  , ""              , ""              , ""              , "32.2"    , ""              , "14"            , "5.75"         , ""              , ""              , ""              , ""              , ""              , "14.4"  , ""              , ""              , ""              , ""              , "174"           , ""              , ""                                                      , ""                    , ""              , ""                                           , ""              , ""              , ""              , "9.46"          , ""              , ""
"Juniperus communis (J. suecica)"                , "249972"    , "39"   , "81.1"         , "18.8"          , "8.33"         , "4330"        , ""              , "12"      , ""             , ""            , "13.8"    , "176"                     , "81.9"    , "26.6"    , "46.1"             , ""               , "17.3"       , ""        , ""             , ""            , ""       , ""               , ""                        , ""                 , ""                     , "19.4"          , ""       , ""                , ""              , "4.7"          , ""                      , ""               , "33.4"         , "41.3"        , "9.01"         , "17.1"         , ""                  , ""              , ""              , ""              , "18.5"    , "9.2"           , "5.42"          , "30.4"         , ""              , ""              , ""              , ""              , ""              , ""      , ""              , ""              , ""              , ""              , "66.9"          , ""              , ""                                                      , ""                    , ""              , ""                                           , ""              , "27.5"          , ""              , ""              , ""              , ""
"Juniperus communis (J. suecica)"                , "249972"    , "40"   , "71.3"         , "11.8"          , "8.46"         , "4350"        , "3.96"          , "11"      , ""             , "2.31"        , "13.5"    , "175"                     , "89.8"    , "26.7"    , "43.3"             , ""               , "15.9"       , ""        , ""             , ""            , ""       , ""               , ""                        , ""                 , ""                     , "18.6"          , ""       , ""                , ""              , "4.4"          , ""                      , ""               , "34.9"         , "41.2"        , "7.96"         , "17.1"         , ""                  , ""              , ""              , ""              , "16.8"    , "10.5"          , "4.92"          , "31.3"         , ""              , ""              , ""              , ""              , ""              , ""      , ""              , ""              , ""              , ""              , "64.5"          , ""              , ""                                                      , ""                    , ""              , ""                                           , ""              , "28.2"          , ""              , "7.58"          , ""              , ""
"Juniperus communis var. saxatilis (J. sibirica)", "28043"     , "37"   , "13.8"         , ""              , "7.57"         , "7580"        , ""              , "24.5"    , ""             , ""            , "5.76"    , "524"                     , "25.8"    , "52.5"    , "60.2"             , ""               , "9.93"       , ""        , ""             , ""            , ""       , ""               , ""                        , ""                 , ""                     , "26.6"          , ""       , ""                , ""              , "79.1"         , ""                      , ""               , ""             , "85.1"        , "270"          , "86.9"         , ""                  , ""              , ""              , ""              , "15"      , ""              , ""              , ""             , ""              , ""              , ""              , "52.3"          , ""              , "149"   , ""              , ""              , ""              , ""              , "6550"          , ""              , ""                                                      , ""                    , ""              , ""                                           , ""              , ""              , ""              , ""              , ""              , ""
"Juniperus communis var. saxatilis (J. sibirica)", "28043"     , "38"   , "17.7"         , ""              , "8.25"         , "7080"        , ""              , "21.8"    , ""             , ""            , "4.85"    , "482"                     , "22.3"    , "48.9"    , "55.8"             , ""               , "9.76"       , ""        , ""             , ""            , ""       , ""               , ""                        , ""                 , ""                     , "22.7"          , ""       , ""                , ""              , "74.8"         , ""                      , ""               , ""             , "78.8"        , "257"          , "81.3"         , ""                  , ""              , ""              , ""              , "15"      , ""              , ""              , ""             , ""              , ""              , ""              , "47.5"          , ""              , "141"   , ""              , ""              , ""              , ""              , "5890"          , ""              , ""                                                      , ""                    , ""              , ""                                           , ""              , ""              , ""              , ""              , ""              , ""
"Juniperus davurica"                             , "20140023"  , "19"   , "33.5"         , "2.88"          , "13.3"         , "1470"        , ""              , "7.66"    , "54.5"         , "7.47"        , "462"     , "267"                     , "1.59"    , "3600"    , "25"               , "3.76"           , "41.5"       , ""        , ""             , ""            , ""       , "2.26"           , "32.5"                    , ""                 , ""                     , "8.9"           , ""       , ""                , "16.7"          , "10.6"         , "70.2"                  , ""               , ""             , "14.6"        , "44.7"         , "25.2"         , ""                  , ""              , ""              , ""              , "5.99"    , ""              , ""              , "5.62"         , ""              , "11.9"          , ""              , "4.78"          , ""              , "565"   , ""              , ""              , ""              , ""              , "1110"          , ""              , ""                                                      , "5.27"                , ""              , ""                                           , ""              , ""              , ""              , ""              , ""              , "16.7"
"Juniperus davurica"                             , "20140023"  , "20"   , "39.9"         , "5.07"          , "12.8"         , "1550"        , ""              , "8.62"    , "60.2"         , "7.59"        , "453"     , "277"                     , ""        , "3980"    , "26.4"             , "2.72"           , "43.6"       , ""        , ""             , ""            , ""       , "2.72"           , "32.4"                    , ""                 , ""                     , "8.41"          , ""       , ""                , "14.5"          , "11.1"         , "69.5"                  , ""               , ""             , "15.9"        , "50.7"         , "24.8"         , ""                  , ""              , ""              , ""              , "5.94"    , ""              , ""              , "6.22"         , ""              , "9.63"          , ""              , "5.21"          , ""              , "545"   , ""              , ""              , ""              , ""              , "1160"          , ""              , ""                                                      , ""                    , ""              , ""                                           , ""              , ""              , ""              , ""              , ""              , "13.3"
"Juniperus davurica"                             , "20140023"  , "21"   , "29.6"         , "7.08"          , "9.11"         , "1250"        , "1.1"           , "5.92"    , "38"           , "7.83"        , "372"     , "213"                     , "1.11"    , "3280"    , "19.8"             , "2.33"           , "35.1"       , ""        , ""             , ""            , ""       , "1.75"           , "27.5"                    , ""                 , ""                     , "6.68"          , ""       , ""                , "14.6"          , "10.7"         , "58.9"                  , ""               , ""             , "13"          , "44.1"         , "20.2"         , ""                  , ""              , ""              , "1.89"          , "5.66"    , ""              , ""              , "4.61"         , ""              , "13.1"          , ""              , "5.15"          , ""              , "524"   , ""              , ""              , ""              , ""              , "1050"          , ""              , ""                                                      , ""                    , ""              , ""                                           , ""              , ""              , ""              , ""              , ""              , "14.5"
"Juniperus pseudosabina"                         , "342963/79" , "31"   , "24.4"         , "3.54"          , "81.1"         , "174"         , "4.95"          , ""        , ""             , ""            , "5290"    , "251"                     , "88.9"    , "107"     , ""                 , "5.93"           , "44.1"       , ""        , ""             , ""            , ""       , ""               , "95.3"                    , ""                 , "239"                  , ""              , ""       , ""                , ""              , "4.28"         , ""                      , ""               , ""             , "10"          , "15.5"         , "22.5"         , ""                  , ""              , ""              , ""              , "12.4"    , ""              , ""              , "9.13"         , ""              , ""              , ""              , ""              , ""              , "10.8"  , ""              , ""              , ""              , ""              , "2350"          , ""              , ""                                                      , ""                    , ""              , ""                                           , ""              , ""              , ""              , ""              , ""              , ""
"Juniperus pseudosabina"                         , "342963/79" , "32"   , "17.5"         , ""              , "84.5"         , "182"         , "5.38"          , ""        , ""             , ""            , "5620"    , "270"                     , "97.5"    , "105"     , ""                 , "6.21"           , "52.7"       , ""        , ""             , "4.49"        , ""       , ""               , "101"                     , ""                 , "305"                  , ""              , ""       , ""                , ""              , "4.37"         , ""                      , ""               , ""             , "9.83"        , "15.9"         , "23.1"         , ""                  , ""              , ""              , ""              , "13.2"    , ""              , ""              , "10.2"         , ""              , ""              , ""              , ""              , ""              , "7.56"  , ""              , ""              , ""              , ""              , "2520"          , ""              , ""                                                      , ""                    , ""              , ""                                           , ""              , ""              , ""              , ""              , ""              , ""
"Juniperus pseudosabina (J.turkestanica)"        , "236061"    , "33"   , "31"           , "5.11"          , "8.02"         , "8310"        , ""              , "25.5"    , ""             , ""            , "6.07"    , "577"                     , "13.2"    , "57.2"    , "66.6"             , ""               , "10"         , ""        , ""             , ""            , ""       , ""               , ""                        , ""                 , ""                     , "27"            , ""       , ""                , ""              , "77.3"         , ""                      , ""               , ""             , "92.8"        , "294"          , "97.1"         , ""                  , ""              , ""              , ""              , "17.7"    , ""              , "11.1"          , ""             , ""              , ""              , ""              , "51.3"          , ""              , "160"   , ""              , ""              , ""              , ""              , "7710"          , ""              , ""                                                      , ""                    , ""              , ""                                           , ""              , ""              , ""              , ""              , ""              , ""
"Juniperus pseudosabina (J.turkestanica)"        , "236061"    , "34"   , "32.9"         , "4.25"          , "7.85"         , "8090"        , ""              , "23.2"    , ""             , ""            , "5.64"    , "544"                     , "14"      , "52.9"    , "62.3"             , ""               , "9.72"       , ""        , ""             , ""            , ""       , ""               , ""                        , ""                 , ""                     , "25"            , ""       , ""                , ""              , "77.7"         , ""                      , ""               , ""             , "86.3"        , "282"          , "88.8"         , ""                  , ""              , ""              , ""              , "15.4"    , ""              , "9.16"          , ""             , ""              , ""              , ""              , "47.8"          , ""              , "149"   , ""              , ""              , ""              , ""              , "7420"          , ""              , ""                                                      , ""                    , ""              , ""                                           , ""              , ""              , ""              , ""              , ""              , ""
"Juniperus pseudosabina (J.turkestanica)"        , "254450"    , "35"   , ""             , ""              , "7.69"         , "6500"        , ""              , "21.2"    , ""             , ""            , "4.68"    , "452"                     , "20.1"    , "46"      , "53"               , ""               , "9.56"       , ""        , ""             , ""            , ""       , ""               , ""                        , ""                 , ""                     , "20.9"          , ""       , ""                , ""              , "78.3"         , ""                      , ""               , ""             , "74.9"        , "246"          , "75.6"         , ""                  , ""              , ""              , ""              , "14.4"    , ""              , ""              , ""             , ""              , ""              , ""              , "42.5"          , ""              , "131"   , ""              , ""              , ""              , ""              , "5420"          , ""              , ""                                                      , ""                    , ""              , ""                                           , ""              , ""              , ""              , ""              , ""              , ""
"Juniperus pseudosabina (J.turkestanica)"        , "254450"    , "36"   , ""             , ""              , "7.34"         , "7530"        , ""              , "23.3"    , ""             , ""            , "5.47"    , "516"                     , "21.8"    , "51.7"    , "60.7"             , ""               , "9.4"        , ""        , ""             , ""            , ""       , ""               , ""                        , ""                 , ""                     , "23.7"          , ""       , ""                , ""              , "74.2"         , ""                      , ""               , ""             , "79.5"        , "259"          , "83.7"         , ""                  , ""              , ""              , ""              , "15.8"    , ""              , ""              , ""             , ""              , ""              , ""              , "48.8"          , ""              , "142"   , ""              , ""              , ""              , ""              , "5980"          , ""              , ""                                                      , ""                    , ""              , ""                                           , ""              , ""              , ""              , ""              , ""              , ""
"Juniperus rigida"                               , "252947"    , "22"   , "66.9"         , "8.45"          , "3.01"         , "1420"        , "6.06"          , "7.22"    , ""             , "4.64"        , ""        , "94.5"                    , "64.8"    , "19.6"    , "7.25"             , "2.21"           , "16.4"       , "2.14"    , ""             , ""            , ""       , "17.5"           , ""                        , ""                 , ""                     , "30.1"          , ""       , ""                , ""              , ""             , ""                      , ""               , ""             , "2"           , "6.22"         , "67.9"         , ""                  , ""              , ""              , ""              , "44.2"    , ""              , ""              , "20.2"         , ""              , ""              , ""              , "18"            , ""              , ""      , ""              , ""              , ""              , ""              , "14.7"          , ""              , ""                                                      , ""                    , ""              , ""                                           , ""              , ""              , ""              , "28"            , "12.6"          , ""
"Juniperus rigida"                               , "252947"    , "23"   , ""             , ""              , ""             , ""            , ""              , ""        , ""             , ""            , ""        , ""                        , ""        , ""        , ""                 , ""               , ""           , ""        , ""             , ""            , ""       , ""               , ""                        , ""                 , ""                     , ""              , ""       , ""                , ""              , ""             , ""                      , ""               , ""             , ""            , ""             , ""             , ""                  , ""              , ""              , ""              , ""        , ""              , ""              , ""             , ""              , ""              , ""              , ""              , ""              , ""      , ""              , ""              , ""              , ""              , ""              , ""              , ""                                                      , ""                    , ""              , ""                                           , ""              , ""              , ""              , ""              , ""              , ""
"Juniperus rigida"                               , "252947"    , "24"   , "59.8"         , "5.67"          , "3.74"         , "1950"        , "8.05"          , "10.2"    , ""             , "3.06"        , ""        , "119"                     , "88.2"    , "24.1"    , "9.6"              , "3.65"           , "16.2"       , "3.7"     , ""             , ""            , ""       , "25"             , ""                        , ""                 , ""                     , "38.4"          , ""       , ""                , ""              , ""             , ""                      , ""               , ""             , "2.95"        , "7.35"         , "90.5"         , ""                  , ""              , ""              , "2.08"          , "55.8"    , ""              , ""              , "26.8"         , ""              , ""              , ""              , "25.9"          , ""              , ""      , ""              , ""              , ""              , ""              , "19.1"          , ""              , ""                                                      , ""                    , ""              , ""                                           , ""              , ""              , ""              , "42.6"          , ""              , ""
"Juniperus rigida"                               , "318939"    , "4"    , "64"           , "33.2"          , "4.11"         , "1900"        , ""              , "9.79"    , "6.64"         , "3.74"        , ""        , "209"                     , "16.6"    , "57.6"    , "30.9"             , ""               , "6.91"       , "6.06"    , ""             , ""            , ""       , "1.7"            , ""                        , ""                 , ""                     , "23.3"          , ""       , ""                , ""              , ""             , ""                      , ""               , "2.87"         , "8.53"        , "64.3"         , "405"          , ""                  , ""              , ""              , ""              , "244"     , "4.25"          , ""              , "3.3"          , ""              , ""              , ""              , "5.65"          , ""              , "4.35"  , ""              , ""              , ""              , ""              , ""              , "3.78"          , ""                                                      , ""                    , ""              , "8.41"                                       , ""              , "11"            , ""              , ""              , ""              , ""
"Juniperus rigida"                               , "318939"    , "5"    , "70.7"         , "27.5"          , "4.1"          , "2330"        , ""              , "12.8"    , "7.56"         , "2.97"        , ""        , "252"                     , "19.8"    , "67.3"    , "36.8"             , ""               , "8.76"       , "6.34"    , ""             , ""            , ""       , "2.18"           , ""                        , ""                 , ""                     , "25.4"          , ""       , ""                , ""              , ""             , ""                      , ""               , "3.89"         , "11"          , "74.7"         , "466"          , ""                  , ""              , ""              , ""              , "281"     , "5.62"          , ""              , ""             , ""              , ""              , ""              , "7.48"          , ""              , "6.16"  , ""              , ""              , ""              , ""              , ""              , "4.47"          , ""                                                      , ""                    , ""              , "6.28"                                       , ""              , "11.6"          , ""              , ""              , ""              , ""
"Juniperus rigida"                               , "318939"    , "6"    , "80.3"         , "28.3"          , "4.25"         , "2150"        , ""              , "10.8"    , "6.81"         , "3.46"        , ""        , "228"                     , "21.6"    , "62.7"    , "33.9"             , ""               , "7.92"       , "5.78"    , ""             , ""            , ""       , "2.1"            , ""                        , ""                 , ""                     , "24.2"          , ""       , ""                , ""              , ""             , ""                      , ""               , "3.25"         , "10.8"        , "72.3"         , "440"          , ""                  , ""              , ""              , ""              , "267"     , "6.8"           , ""              , ""             , ""              , ""              , ""              , "6.61"          , ""              , ""      , ""              , ""              , ""              , ""              , ""              , "3.6"           , ""                                                      , ""                    , ""              , ""                                           , ""              , "10.6"          , ""              , ""              , ""              , ""
"Juniperus sabina"                               , "18-1"      , "55"   , "48.9"         , "4.6"           , "20.6"         , "54.2"        , ""              , ""        , ""             , "3.17"        , "1980"    , "102"                     , ""        , "2640"    , "3.49"             , "2.57"           , "6.23"       , ""        , ""             , ""            , ""       , ""               , "32.9"                    , ""                 , ""                     , "2.81"          , "13.8"   , ""                , "35.1"          , "8.52"         , ""                      , ""               , "27.8"         , "25.7"        , "20.4"         , "99.3"         , ""                  , ""              , ""              , ""              , "20.7"    , "75.7"          , ""              , "25.6"         , ""              , ""              , ""              , ""              , ""              , "728"   , ""              , ""              , ""              , ""              , "2020"          , ""              , ""                                                      , ""                    , ""              , "20.2"                                       , ""              , ""              , ""              , ""              , ""              , "126"
"Juniperus sabina"                               , "18-2"      , "56"   , "57.4"         , "4.96"          , "17.7"         , "62.9"        , ""              , ""        , ""             , "6.25"        , "948"     , "121"                     , "4.72"    , "2470"    , ""                 , "3.01"           , "2.88"       , ""        , "12.2"         , "243"         , ""       , ""               , "29.3"                    , "7.16"             , "233"                  , ""              , ""       , ""                , "38"            , "5.01"         , ""                      , ""               , "31.2"         , "24.9"        , "11.4"         , "39.3"         , ""                  , ""              , ""              , ""              , "18.4"    , "54.9"          , ""              , "20.6"         , ""              , "53.1"          , ""              , ""              , ""              , "1320"  , ""              , ""              , ""              , ""              , "1130"          , ""              , ""                                                      , ""                    , ""              , "39.2"                                       , ""              , ""              , ""              , ""              , ""              , "134"
"Juniperus sabina"                               , "18-3"      , "57"   , "58.3"         , "3.52"          , "18.2"         , "57"          , ""              , ""        , ""             , "4.82"        , "772"     , "117"                     , "3.59"    , "2220"    , ""                 , "3.4"            , "24.8"       , ""        , "13.9"         , "292"         , ""       , ""               , "28"                      , "10.8"             , "229"                  , ""              , ""       , ""                , "46.5"          , "9.17"         , ""                      , ""               , "26.6"         , "26.4"        , "54.8"         , "42.3"         , ""                  , ""              , ""              , ""              , "18.5"    , "51.7"          , ""              , "29.3"         , ""              , "55.2"          , ""              , ""              , ""              , "1770"  , ""              , ""              , ""              , ""              , "1810"          , ""              , ""                                                      , ""                    , ""              , ""                                           , ""              , ""              , ""              , ""              , ""              , "146"
"Juniperus scopulorum"                           , "305660"    , "29"   , "27.7"         , "3.55"          , "33.3"         , "182"         , ""              , "7.5"     , ""             , "4.59"        , "1330"    , "71.1"                    , "12.9"    , "77.5"    , ""                 , "1.85"           , "3.94"       , ""        , ""             , ""            , "9.88"   , ""               , "18.5"                    , ""                 , ""                     , "75.1"          , ""       , ""                , "56.4"          , "2.04"         , ""                      , ""               , ""             , "3.61"        , "7.29"         , "14.1"         , ""                  , ""              , ""              , ""              , "3.48"    , ""              , ""              , ""             , ""              , "8.87"          , ""              , ""              , ""              , "388"   , ""              , ""              , ""              , ""              , "390"           , ""              , ""                                                      , ""                    , ""              , "11.2"                                       , ""              , ""              , "8.14"          , ""              , ""              , "97.9"
"Juniperus scopulorum"                           , "305660"    , "30"   , "24.6"         , "2.84"          , "35.6"         , "225"         , ""              , "7.62"    , ""             , "5.12"        , "1490"    , "81.1"                    , "22.4"    , "83"      , ""                 , "1.36"           , "7.71"       , ""        , ""             , ""            , "12.3"   , ""               , "21"                      , ""                 , ""                     , "81.6"          , ""       , ""                , "59.9"          , "2.74"         , ""                      , ""               , ""             , "4.04"        , "8.68"         , "14.8"         , ""                  , ""              , ""              , ""              , "3.95"    , ""              , ""              , ""             , ""              , "9.41"          , ""              , ""              , ""              , "395"   , ""              , ""              , ""              , ""              , "439"           , ""              , ""                                                      , ""                    , ""              , "6.29"                                       , ""              , ""              , "9.97"          , ""              , ""              , "115"
"Juniperus virginiana"                           , "248592"    , "41"   , "19.2"         , ""              , "2.79"         , "54"          , ""              , ""        , ""             , "15.9"        , "7.55"    , "37.6"                    , ""        , "1270"    , ""                 , ""               , "6.05"       , ""        , ""             , ""            , ""       , ""               , ""                        , ""                 , ""                     , "15"            , "14.6"   , ""                , "70.7"          , "12.3"         , ""                      , ""               , ""             , "10.8"        , "17.6"         , "144"          , ""                  , ""              , ""              , ""              , "8.79"    , ""              , ""              , ""             , ""              , "9.55"          , ""              , ""              , ""              , "377"   , ""              , ""              , ""              , ""              , "483"           , "10.2"          , ""                                                      , ""                    , ""              , "5.89"                                       , ""              , ""              , "9.05"          , ""              , ""              , "14"
"Juniperus virginiana"                           , "248592"    , "42"   , "15"           , ""              , ""             , "50.6"        , ""              , ""        , ""             , "15.5"        , "6.46"    , "32.3"                    , ""        , "1120"    , ""                 , ""               , "5.83"       , ""        , ""             , ""            , ""       , ""               , ""                        , ""                 , ""                     , "15.8"          , "13"     , ""                , "67.8"          , "11.8"         , ""                      , ""               , ""             , "10.7"        , "15.8"         , "139"          , ""                  , ""              , ""              , ""              , "9.21"    , ""              , ""              , ""             , ""              , "16.2"          , ""              , ""              , ""              , "359"   , ""              , ""              , ""              , ""              , "476"           , "9.48"          , ""                                                      , ""                    , ""              , "7.65"                                       , ""              , ""              , "9.16"          , ""              , ""              , "13.8"
"Juniperus virginiana"                           , "315380_1_1", "43"   , "2.15"         , ""              , "8.28"         , "280"         , ""              , "1.46"    , ""             , "10.4"        , "488"     , "46.8"                    , "13.4"    , "17.3"    , ""                 , ""               , "2.42"       , ""        , ""             , ""            , ""       , ""               , ""                        , ""                 , ""                     , ""              , ""       , ""                , "3.73"          , "10.1"         , ""                      , ""               , ""             , "9.77"        , "14.1"         , "177"          , ""                  , ""              , ""              , ""              , "8.45"    , ""              , ""              , "6.62"         , ""              , ""              , ""              , ""              , ""              , "13.2"  , ""              , ""              , ""              , ""              , "537"           , "19.4"          , ""                                                      , ""                    , ""              , "9.13"                                       , ""              , ""              , ""              , "8.21"          , ""              , ""
"Juniperus virginiana"                           , "315380_1_1", "44"   , ""             , ""              , "8.97"         , "282"         , ""              , ""        , ""             , "9.56"        , "484"     , "45"                      , "12.4"    , "17"      , ""                 , ""               , ""           , ""        , ""             , ""            , ""       , ""               , ""                        , ""                 , ""                     , ""              , ""       , ""                , "4.14"          , "8.38"         , ""                      , ""               , ""             , "9.68"        , "10.3"         , "172"          , ""                  , ""              , ""              , ""              , "7.41"    , ""              , ""              , "5.99"         , ""              , ""              , ""              , ""              , ""              , "13.1"  , ""              , ""              , ""              , ""              , "474"           , "20.5"          , ""                                                      , ""                    , ""              , "16.1"                                       , ""              , ""              , ""              , "11.4"          , ""              , ""
"Juniperus virginiana"                           , "315380_1_2", "47"   , "10.9"         , "15.4"          , "2.86"         , "140"         , ""              , ""        , ""             , "14.7"        , "129"     , "24.5"                    , "3.53"    , "445"     , ""                 , ""               , "5.36"       , ""        , ""             , ""            , ""       , ""               , "2.76"                    , ""                 , ""                     , ""              , "23.4"   , ""                , "49.4"          , "6.99"         , ""                      , ""               , ""             , "7.62"        , "21.3"         , "71.6"         , ""                  , ""              , ""              , ""              , "4.64"    , ""              , ""              , "3.64"         , ""              , "14.8"          , ""              , ""              , ""              , "332"   , ""              , ""              , ""              , ""              , "333"           , "3.15"          , ""                                                      , ""                    , ""              , ""                                           , ""              , ""              , "6.76"          , ""              , ""              , "9.87"
"Juniperus virginiana"                           , "315380_1_2", "48"   , "7.12"         , "11.9"          , "2.84"         , "130"         , ""              , ""        , ""             , "14"          , "113"     , "21.5"                    , "2.65"    , "409"     , ""                 , ""               , "3.1"        , ""        , ""             , ""            , ""       , ""               , "2.81"                    , ""                 , ""                     , ""              , "20"     , ""                , "45"            , "5.19"         , ""                      , ""               , ""             , "6.69"        , "13.7"         , "68.4"         , ""                  , ""              , ""              , ""              , "4.78"    , ""              , ""              , "3.57"         , ""              , "14"            , ""              , ""              , ""              , "288"   , ""              , ""              , ""              , ""              , "290"           , "3.75"          , ""                                                      , ""                    , ""              , "4.02"                                       , ""              , ""              , "5.89"          , ""              , ""              , "7.77"
"Juniperus virginiana"                           , "315380_1_3", "45"   , "2.53"         , "2.63"          , "2.15"         , "36.2"        , ""              , ""        , ""             , "12.1"        , "99.1"    , "13.4"                    , "3.42"    , "405"     , ""                 , ""               , ""           , ""        , ""             , ""            , ""       , ""               , "2"                       , ""                 , ""                     , ""              , "7.46"   , ""                , "47.6"          , ""             , ""                      , ""               , ""             , "2.38"        , "3.37"         , "12.3"         , ""                  , ""              , ""              , ""              , "2.2"     , ""              , ""              , ""             , ""              , "9.31"          , ""              , ""              , ""              , "322"   , ""              , ""              , ""              , ""              , "116"           , "2.48"          , ""                                                      , ""                    , ""              , "14.3"                                       , ""              , ""              , "10.1"          , ""              , ""              , "16.6"
"Juniperus virginiana"                           , "315380_1_3", "46"   , "3.27"         , "2.39"          , "2.58"         , "30.4"        , ""              , ""        , ""             , "11.9"        , "91.3"    , "11.4"                    , "2.3"     , "358"     , ""                 , ""               , ""           , ""        , ""             , ""            , ""       , ""               , "1.73"                    , ""                 , ""                     , ""              , "3.23"   , ""                , "49.5"          , ""             , ""                      , ""               , ""             , "2.15"        , "3.62"         , "11.2"         , ""                  , ""              , ""              , ""              , ""        , ""              , ""              , ""             , ""              , "8.49"          , ""              , ""              , ""              , "306"   , ""              , ""              , ""              , ""              , "110"           , ""              , ""                                                      , ""                    , ""              , "17.4"                                       , ""              , ""              , "8.93"          , ""              , ""              , "16.4"
"Juniperus virginiana"                           , "45989-1"   , "49"   , "18.1"         , "3.62"          , "44.3"         , "91.5"        , "1.8"           , "1.41"    , ""             , "8.44"        , "4020"    , "95.8"                    , "23.5"    , "47.4"    , ""                 , "3.31"           , "15.4"       , ""        , ""             , ""            , ""       , ""               , ""                        , ""                 , ""                     , "2.27"          , "53.5"   , ""                , "322"           , "12.5"         , ""                      , ""               , ""             , "19.6"        , "51.4"         , "65.1"         , ""                  , ""              , ""              , ""              , "7.1"     , ""              , ""              , ""             , ""              , "28.6"          , ""              , "4.75"          , ""              , "1420"  , ""              , ""              , ""              , ""              , "992"           , ""              , "4.81"                                                  , ""                    , ""              , ""                                           , ""              , ""              , "18.6"          , ""              , ""              , "81.1"
"Juniperus virginiana"                           , "45989-1"   , "50"   , "20.5"         , "3.81"          , "49.3"         , "101"         , "1.8"           , "1.41"    , ""             , "7.77"        , "4380"    , "108"                     , "31.4"    , "51.4"    , ""                 , "3.4"            , "16"         , ""        , ""             , ""            , ""       , ""               , "2.26"                    , ""                 , ""                     , "2.17"          , "59.4"   , ""                , "324"           , "12.1"         , ""                      , ""               , ""             , "19.6"        , "51.5"         , "68.8"         , ""                  , ""              , ""              , ""              , "7.81"    , ""              , ""              , ""             , ""              , "29.6"          , ""              , ""              , ""              , "1380"  , ""              , ""              , ""              , ""              , "967"           , ""              , "4.21"                                                  , ""                    , ""              , "3.47"                                       , ""              , ""              , "17.7"          , ""              , ""              , "80.7"
"Juniperus virginiana"                           , "45989-2"   , "51"   , "26.6"         , "4.09"          , "32.2"         , "74.5"        , "2.19"          , ""        , ""             , "7.64"        , "2770"    , "92.2"                    , "57.8"    , "30.1"    , ""                 , "3.29"           , "9.67"       , ""        , ""             , ""            , ""       , ""               , ""                        , ""                 , ""                     , ""              , "5.53"   , ""                , "215"           , ""             , ""                      , ""               , ""             , "5.64"        , "10.7"         , "27.1"         , ""                  , ""              , ""              , ""              , "6.02"    , ""              , ""              , ""             , ""              , "25.8"          , ""              , ""              , ""              , "933"   , ""              , ""              , ""              , ""              , "1040"          , ""              , ""                                                      , ""                    , ""              , "7.94"                                       , ""              , ""              , "20.2"          , ""              , ""              , "80.2"
"Juniperus virginiana"                           , "45989-2"   , "52"   , "25.4"         , "4.73"          , "28.9"         , "67.2"        , "1.87"          , ""        , ""             , "8.51"        , "2700"    , "80.4"                    , "42.6"    , "25.4"    , ""                 , "2.63"           , "6.41"       , ""        , ""             , ""            , ""       , ""               , ""                        , ""                 , ""                     , ""              , "4.56"   , ""                , "202"           , ""             , ""                      , ""               , ""             , "6.15"        , "9.16"         , "25.4"         , ""                  , ""              , ""              , ""              , "5.64"    , ""              , ""              , ""             , ""              , "23.3"          , ""              , ""              , ""              , "948"   , ""              , ""              , ""              , ""              , "992"           , ""              , ""                                                      , ""                    , ""              , "9.77"                                       , ""              , ""              , "21.1"          , ""              , ""              , "80"
"Juniperus virginiana"                           , "45989-3"   , "53"   , "46.1"         , "5.34"          , "4.45"         , "101"         , ""              , ""        , ""             , "5.87"        , "149"     , "24.3"                    , "1.78"    , "521"     , ""                 , ""               , "2.99"       , ""        , ""             , ""            , ""       , ""               , "2.38"                    , ""                 , ""                     , ""              , "37.3"   , ""                , "115"           , "2.97"         , ""                      , ""               , ""             , "6.67"        , "12.8"         , "17.8"         , ""                  , ""              , ""              , ""              , "4.99"    , ""              , ""              , ""             , ""              , "36.5"          , ""              , ""              , ""              , "1870"  , ""              , ""              , ""              , ""              , "399"           , ""              , ""                                                      , ""                    , ""              , "7.93"                                       , ""              , ""              , "9.3"           , ""              , ""              , "61.7"
"Juniperus virginiana"                           , "45989-3"   , "54"   , "37"           , "6.43"          , "3.13"         , "99.8"        , ""              , ""        , ""             , "5.79"        , "155"     , "22.2"                    , "2.39"    , "506"     , ""                 , ""               , "2.31"       , ""        , ""             , ""            , ""       , ""               , "2.55"                    , ""                 , ""                     , ""              , "43.9"   , ""                , "115"           , "2.36"         , ""                      , ""               , ""             , "6.88"        , "12.1"         , "18.3"         , ""                  , ""              , ""              , ""              , "5.08"    , ""              , ""              , ""             , ""              , "35.3"          , ""              , ""              , ""              , "1750"  , ""              , ""              , ""              , ""              , "369"           , ""              , ""                                                      , ""                    , ""              , "11"                                         , ""              , ""              , "8.05"          , ""              , ""              , "66.1"
"Microbiota decussata"                           , "20140030"  , "16"   , "46"           , "4.02"          , "18.1"         , "71.2"        , "15.2"          , ""        , ""             , ""            , "304"     , "60.8"                    , "583"     , "872"     , "5.69"             , "3.04"           , "27.6"       , ""        , ""             , ""            , ""       , ""               , "7.02"                    , ""                 , ""                     , ""              , ""       , ""                , ""              , "2.17"         , "11.8"                  , ""               , ""             , "10.2"        , "5.4"          , ""             , "357"               , "177"           , ""              , "408"           , "11.3"    , "230"           , "58.5"          , ""             , "75.8"          , ""              , ""              , ""              , "293"           , "6540"  , ""              , ""              , ""              , ""              , "728"           , ""              , "373"                                                   , "39300"               , "530"           , ""                                           , "1020"          , "280"           , ""              , ""              , ""              , ""
"Microbiota decussata"                           , "20140030"  , "17"   , "40.3"         , "2.03"          , "15.8"         , "62.5"        , "14.2"          , ""        , ""             , ""            , "268"     , "53.4"                    , "526"     , "756"     , "5.08"             , "2.33"           , "24.5"       , ""        , ""             , ""            , ""       , ""               , "5.71"                    , ""                 , ""                     , ""              , ""       , ""                , ""              , "2.36"         , "10.8"                  , ""               , ""             , "15.6"        , "5.32"         , ""             , "342"               , "171"           , ""              , "409"           , "10.8"    , "224"           , "57.7"          , ""             , "74.1"          , ""              , ""              , ""              , "281"           , "6420"  , ""              , ""              , ""              , ""              , "697"           , ""              , "366"                                                   , "39200"               , "515"           , ""                                           , "1040"          , "277"           , ""              , ""              , ""              , ""
"Microbiota decussata"                           , "20140030"  , "18"   , "39.2"         , "1.73"          , "16.2"         , "60.9"        , "12.9"          , ""        , ""             , "1.6"         , "260"     , "55"                      , "489"     , "792"     , "4.41"             , "2.37"           , "59"         , ""        , ""             , ""            , ""       , ""               , "5.83"                    , ""                 , ""                     , ""              , ""       , ""                , ""              , "1.74"         , "9.6"                   , ""               , ""             , "17.2"        , "8.65"         , ""             , "369"               , "168"           , ""              , "345"           , ""        , "228"           , "53.3"          , "156"          , "436"           , ""              , ""              , ""              , "291"           , "7250"  , ""              , ""              , ""              , ""              , "871"           , ""              , "357"                                                   , "40200"               , "520"           , ""                                           , "1260"          , "289"           , ""              , ""              , ""              , ""
"Microbiota decussata"                           , "4/73"      , "7"    , "49.7"         , "4.07"          , "12.2"         , "58.4"        , "13.9"          , ""        , ""             , ""            , "194"     , "45.1"                    , "512"     , "627"     , "4.33"             , "2.79"           , "50"         , ""        , ""             , ""            , ""       , ""               , "2.57"                    , ""                 , ""                     , ""              , ""       , ""                , ""              , ""             , "5.52"                  , ""               , ""             , "10.8"        , ""             , ""             , "429"               , "242"           , ""              , "508"           , "18.8"    , "311"           , "79.9"          , ""             , "269"           , ""              , "10.7"          , ""              , "397"           , ""      , ""              , ""              , ""              , ""              , "1860"          , ""              , "324"                                                   , "35800"               , "479"           , ""                                           , "1210"          , "294"           , ""              , ""              , ""              , ""
"Microbiota decussata"                           , "4/73"      , "8"    , "48.7"         , "2.91"          , "12.3"         , "59.9"        , "14.4"          , ""        , ""             , ""            , "183"     , "43.5"                    , "538"     , "534"     , "4.55"             , "2.12"           , "45.4"       , ""        , ""             , ""            , ""       , ""               , "2.93"                    , ""                 , ""                     , ""              , ""       , ""                , ""              , ""             , "6.51"                  , ""               , ""             , "10"          , ""             , ""             , "390"               , "226"           , ""              , "452"           , "15.1"    , "287"           , "69.1"          , ""             , "244"           , ""              , "8.25"          , ""              , "374"           , ""      , ""              , ""              , ""              , ""              , "1580"          , ""              , "304"                                                   , "31900"               , "443"           , ""                                           , "1130"          , "274"           , ""              , ""              , ""              , ""
"Microbiota decussata"                           , "4/73"      , "9"    , "49.2"         , "2.74"          , "12.6"         , "56.5"        , "13.1"          , ""        , ""             , ""            , "188"     , "43.1"                    , "491"     , "619"     , "3.61"             , "2.22"           , "36.4"       , ""        , ""             , ""            , ""       , ""               , "2.81"                    , ""                 , ""                     , ""              , ""       , ""                , ""              , ""             , "5.75"                  , ""               , ""             , "6.89"        , ""             , ""             , "389"               , "226"           , ""              , "479"           , "15.4"    , "285"           , "69"            , ""             , "230"           , ""              , ""              , ""              , "371"           , ""      , ""              , ""              , ""              , ""              , "1670"          , ""              , "301"                                                   , "33200"               , "443"           , ""                                           , "1120"          , "268"           , ""              , ""              , ""              , ""
"Thuja occidentalis"                             , "235076-1"  , "71"   , "54.8"         , ""              , "8.4"          , "43.1"        , "15.4"          , "14.6"    , ""             , "6.5"         , "191"     , "62"                      , ""        , "29.9"    , ""                 , ""               , ""           , "204"     , "1990"         , "205"         , "41.2"   , "2.4"            , "41.9"                    , "15"               , ""                     , "43.7"          , ""       , ""                , ""              , ""             , "30.2"                  , "2.27"           , ""             , "2.98"        , ""             , "38.6"         , ""                  , ""              , "18.3"          , ""              , "15.2"    , ""              , ""              , ""             , ""              , ""              , ""              , ""              , ""              , ""      , ""              , "12.3"          , ""              , ""              , "50.4"          , "14.1"          , ""                                                      , ""                    , ""              , "14.5"                                       , ""              , ""              , ""              , ""              , ""              , ""
"Thuja occidentalis"                             , "235076-2"  , "72"   , "45.4"         , "2.39"          , "9.54"         , "44.3"        , "16.4"          , "17.8"    , ""             , "7.35"        , "257"     , "73.5"                    , ""        , "35.7"    , "1.47"             , ""               , ""           , "252"     , "2930"         , "245"         , "29.1"   , "8.26"           , "68.8"                    , "28"               , "2.2"                  , "94.4"          , ""       , ""                , ""              , ""             , "43.5"                  , "4.97"           , ""             , "3.35"        , ""             , "64.6"         , ""                  , ""              , "21.5"          , ""              , "24.3"    , ""              , ""              , ""             , ""              , ""              , ""              , ""              , ""              , ""      , "31.2"          , ""              , ""              , ""              , "87.6"          , "26.3"          , ""                                                      , ""                    , ""              , "16.4"                                       , ""              , ""              , ""              , ""              , ""              , ""
"Thuja occidentalis"                             , "62390_1"   , "69"   , "52.1"         , "2.18"          , "8.33"         , "39.9"        , "18.3"          , "17.8"    , ""             , "7.5"         , "222"     , "74.3"                    , ""        , "37.3"    , "1.69"             , "0.83"           , "1.51"       , "246"     , "2670"         , "127"         , "18.2"   , "6.17"           , "62.2"                    , "12.4"             , "1.09"                 , "102"           , ""       , ""                , ""              , "0.77"         , "45.6"                  , "2.04"           , ""             , "5.98"        , ""             , "68.9"         , ""                  , ""              , "41.6"          , ""              , "25.1"    , "1.79"          , ""              , ""             , ""              , ""              , ""              , ""              , ""              , ""      , "5.76"          , "15.2"          , ""              , ""              , "149"           , "12.6"          , ""                                                      , ""                    , ""              , "7.71"                                       , ""              , ""              , ""              , ""              , ""              , ""
"Thuja occidentalis"                             , "62390_2"   , "70"   , "58.8"         , ""              , "10.4"         , "61"          , "35.1"          , "33.4"    , ""             , "9.01"        , "178"     , "90.7"                    , "5.38"    , "37.5"    , ""                 , ""               , ""           , "407"     , "1670"         , "238"         , "10.5"   , "9.81"           , "54.7"                    , "16.9"             , ""                     , "173"           , ""       , ""                , ""              , ""             , "59.8"                  , "7.26"           , ""             , "6.77"        , ""             , "131"          , ""                  , ""              , "42.5"          , ""              , "51"      , ""              , ""              , ""             , ""              , ""              , ""              , ""              , ""              , ""      , ""              , "8.61"          , ""              , ""              , "176"           , "16.6"          , ""                                                      , ""                    , ""              , "15.4"                                       , ""              , ""              , ""              , ""              , ""              , ""
"Thuja plicata"                                  , "238174"    , "1"    , "60.3"         , ""              , "76"           , "285"         , "55.4"          , "50.8"    , ""             , ""            , "2310"    , "413"                     , ""        , "148"     , "5.94"             , "7"              , "37.5"       , "486"     , "6060"         , "313"         , "80.6"   , "16"             , "257"                     , "9.37"             , ""                     , "140"           , ""       , ""                , ""              , ""             , "102"                   , "15.2"           , ""             , "57"          , ""             , "30.1"         , ""                  , ""              , "71.4"          , ""              , "5.74"    , ""              , ""              , ""             , ""              , ""              , ""              , ""              , ""              , ""      , ""              , "93.2"          , ""              , ""              , "256"           , ""              , ""                                                      , ""                    , ""              , "18"                                         , ""              , ""              , ""              , ""              , ""              , ""
"Thuja plicata"                                  , "238174"    , "2"    , "53.4"         , "2.17"          , "71.7"         , "275"         , "53.5"          , "48.5"    , ""             , "5.02"        , "2230"    , "406"                     , ""        , "145"     , "5.74"             , "5.05"           , "35.4"       , "478"     , "5860"         , "316"         , "77.7"   , "17.4"           , "264"                     , "9.35"             , "4.89"                 , "140"           , ""       , ""                , ""              , ""             , "103"                   , "13.7"           , ""             , "53.9"        , ""             , "28.4"         , ""                  , ""              , "72.2"          , ""              , "5.65"    , ""              , ""              , ""             , ""              , ""              , ""              , ""              , ""              , ""      , ""              , "86"            , ""              , ""              , "250"           , ""              , ""                                                      , ""                    , ""              , "20.7"                                       , ""              , ""              , ""              , ""              , ""              , ""
"Thuja plicata"                                  , "238174"    , "3"    , "50.6"         , "1.89"          , "65.3"         , "247"         , "48.4"          , "45"      , ""             , "4.09"        , "2050"    , "388"                     , ""        , "138"     , "4.68"             , "5"              , "42.7"       , "463"     , "5680"         , "305"         , "78.9"   , "16.6"           , "257"                     , "8.44"             , "3.71"                 , "137"           , ""       , ""                , ""              , ""             , "99.3"                  , "13.6"           , ""             , "51.3"        , ""             , "27.6"         , ""                  , ""              , "69.5"          , ""              , "5.78"    , ""              , ""              , ""             , ""              , ""              , ""              , ""              , ""              , ""      , ""              , "92.1"          , ""              , ""              , "243"           , ""              , ""                                                      , ""                    , ""              , "15"                                         , ""              , ""              , ""              , ""              , ""              , ""
"Thuja plicata"                                  , "288244_1"  , "67"   , "65.8"         , "7.25"          , "18.4"         , "97.7"        , ""              , ""        , ""             , ""            , "379"     , "139"                     , ""        , "41.2"    , ""                 , "1.83"           , "10.4"       , ""        , "7310"         , "284"         , ""       , ""               , "77.1"                    , "2.98"             , ""                     , "5.74"          , ""       , ""                , ""              , ""             , "11.3"                  , "10.5"           , ""             , "11.2"        , ""             , "11.4"         , ""                  , ""              , ""              , ""              , "2.64"    , ""              , ""              , ""             , ""              , ""              , ""              , ""              , ""              , ""      , ""              , "40.7"          , ""              , ""              , "98.9"          , ""              , ""                                                      , ""                    , ""              , "5.24"                                       , ""              , ""              , ""              , ""              , ""              , ""
"Thuja plicata"                                  , "288244_2"  , "68"   , "4.53"         , "7.06"          , "18.9"         , "93.2"        , ""              , ""        , ""             , "1.42"        , "422"     , "199"                     , ""        , "50.6"    , ""                 , "1.45"           , "13"         , ""        , "9170"         , "341"         , ""       , ""               , "120"                     , "2.51"             , ""                     , "3.45"          , ""       , ""                , ""              , ""             , "15.1"                  , "12"             , ""             , "20.9"        , ""             , "11.6"         , ""                  , ""              , "17.8"          , ""              , "3.96"    , ""              , ""              , ""             , ""              , ""              , ""              , ""              , ""              , ""      , ""              , "26.6"          , ""              , ""              , "155"           , ""              , ""                                                      , "16.7"                , ""              , "4.87"                                       , ""              , ""              , ""              , ""              , ""              , ""
"Thujopsis dolabrata 'Variegata'"                , "299338/72" , "25"   , "33.5"         , ""              , "54.4"         , "250"         , ""              , "2.54"    , ""             , "3.56"        , "3410"    , "257"                     , "80.6"    , "53.1"    , "3.77"             , "30.9"           , "8.07"       , ""        , ""             , ""            , ""       , ""               , "54.2"                    , ""                 , ""                     , "2.26"          , ""       , ""                , ""              , ""             , "27"                    , "2.92"           , "2.08"         , "10"          , ""             , "40.4"         , ""                  , ""              , ""              , ""              , "18.7"    , ""              , ""              , "17.1"         , ""              , ""              , ""              , ""              , ""              , "121"   , ""              , ""              , ""              , ""              , "17.7"          , ""              , ""                                                      , ""                    , ""              , "12.2"                                       , ""              , ""              , ""              , ""              , ""              , ""
"Thujopsis dolabrata 'Variegata'"                , "299338/72" , "26"   , "28"           , ""              , "66.5"         , "297"         , "1.38"          , "2.86"    , ""             , "3.98"        , "4240"    , "306"                     , "95.4"    , "63.1"    , "4.19"             , "36.4"           , "15.3"       , ""        , ""             , ""            , ""       , ""               , "65.1"                    , ""                 , ""                     , "3.03"          , ""       , ""                , ""              , ""             , "30.8"                  , "3.52"           , "2.77"         , "12.7"        , ""             , "48.1"         , ""                  , ""              , ""              , ""              , "23.2"    , ""              , ""              , "23"           , ""              , ""              , ""              , ""              , ""              , "145"   , ""              , ""              , ""              , ""              , "21.3"          , ""              , ""                                                      , ""                    , ""              , "2.18"                                       , ""              , ""              , ""              , ""              , ""              , ""